x,y,z
-0.776,0.000,0.102
-0.392,0.050,0.037
0.000,0.099,0.012
0.394,0.149,0.034
-0.782,0.198,0.038
-0.395,0.248,0.002
-0.000,0.298,-0.014
0.396,0.347,0.013
-0.787,0.397,0.018
-0.398,0.446,-0.017
0.000,0.496,-0.032
0.399,0.546,-0.004
-0.791,0.595,0.003
-0.400,0.645,-0.032
-0.000,0.694,-0.045
0.400,0.744,-0.016
-0.794,0.794,-0.009
-0.401,0.843,-0.042
0.000,0.893,-0.054
0.401,0.942,-0.024
-0.796,0.992,-0.015
-0.401,1.042,-0.047
-0.000,1.091,-0.057
0.401,1.141,-0.026
-0.796,1.190,-0.016
-0.401,1.240,-0.047
0.000,1.290,-0.057
0.401,1.339,-0.025
-0.796,1.389,-0.014
-0.401,1.438,-0.044
-0.000,1.488,-0.054
0.401,1.538,-0.021
-0.795,1.587,-0.009
-0.400,1.637,-0.039
0.000,1.686,-0.049
0.400,1.736,-0.016
-0.793,1.786,-0.005
-0.400,1.835,-0.035
-0.000,1.885,-0.045
0.400,1.934,-0.012
-0.792,1.984,-0.001
-0.399,2.034,-0.032
0.000,2.083,-0.042
0.399,2.133,-0.010
-0.792,2.182,-0.000
-0.400,2.232,-0.032
-0.000,2.282,-0.043
0.400,2.331,-0.012
-0.793,2.381,-0.003
-0.400,2.430,-0.036
0.000,2.480,-0.048
0.400,2.530,-0.018
-0.795,2.579,-0.010
-0.401,2.629,-0.043
-0.000,2.678,-0.056
0.402,2.728,-0.027
-0.797,2.778,-0.019
-0.402,2.827,-0.053
0.000,2.877,-0.067
0.403,2.926,-0.038
-0.800,2.976,-0.030
-0.404,3.026,-0.065
-0.000,3.075,-0.079
0.405,3.125,-0.050
-0.803,3.174,-0.042
-0.405,3.224,-0.077
0.000,3.274,-0.090
0.406,3.323,-0.061
-0.806,3.373,-0.053
-0.407,3.422,-0.087
-0.000,3.472,-0.099
0.407,3.522,-0.069
-0.808,3.571,-0.060
-0.408,3.621,-0.093
0.000,3.670,-0.105
0.408,3.720,-0.073
-0.809,3.770,-0.063
-0.408,3.819,-0.094
-0.000,3.869,-0.105
0.408,3.918,-0.072
-0.808,3.968,-0.060
-0.407,4.018,-0.090
0.000,4.067,-0.099
0.407,4.117,-0.065
-0.806,4.166,-0.052
-0.406,4.216,-0.081
-0.000,4.266,-0.088
0.405,4.315,-0.053
-0.802,4.365,-0.038
-0.404,4.414,-0.066
0.000,4.464,-0.072
0.403,4.514,-0.037
-0.798,4.563,-0.022
-0.402,4.613,-0.049
-0.000,4.662,-0.055
0.400,4.712,-0.019
-0.793,4.762,-0.004
-0.399,4.811,-0.030
0.000,4.861,-0.036
0.398,4.910,-0.000
-0.788,4.960,0.014
-0.397,5.010,-0.012
-0.000,5.059,-0.018
0.396,5.109,0.017
-0.784,5.158,0.031
-0.395,5.208,0.004
0.000,5.258,-0.003
0.394,5.307,0.031
-0.780,5.357,0.044
-0.393,5.406,0.016
-0.000,5.456,0.008
0.393,5.506,0.041
-0.778,5.555,0.053
-0.392,5.605,0.023
0.000,5.654,0.015
0.392,5.704,0.047
-0.777,5.754,0.057
-0.392,5.803,0.027
-0.000,5.853,0.017
0.392,5.902,0.048
-0.776,5.952,0.058
-0.392,6.002,0.027
0.000,6.051,0.017
0.392,6.101,0.047
-0.777,6.150,0.057
-0.392,6.200,0.026
-0.000,6.250,0.015
0.392,6.299,0.045
-0.777,6.349,0.055
-0.392,6.398,0.024
0.000,6.448,0.014
0.392,6.498,0.044
-0.778,6.547,0.054
-0.392,6.597,0.024
-0.000,6.646,0.014
0.392,6.696,0.045
-0.777,6.746,0.056
-0.392,6.795,0.026
0.000,6.845,0.017
0.391,6.894,0.050
-0.776,6.944,0.062
-0.391,6.994,0.033
-0.000,7.043,0.025
0.390,7.093,0.059
-0.773,7.142,0.072
-0.389,7.192,0.044
0.000,7.242,0.037
0.389,7.291,0.071
-0.769,7.341,0.085
-0.388,7.390,0.059
-0.000,7.440,0.053
0.386,7.490,0.088
-0.765,7.539,0.102
-0.385,7.589,0.077
0.000,7.638,0.071
0.384,7.688,0.106
-0.760,7.738,0.121
-0.383,7.787,0.096
-0.000,7.837,0.091
0.381,7.886,0.125
-0.755,7.936,0.139
-0.380,7.986,0.114
0.000,8.035,0.108
0.379,8.085,0.142
-0.751,8.134,0.156
-0.378,8.184,0.130
-0.000,8.234,0.123
0.377,8.283,0.156
-0.747,8.333,0.169
-0.377,8.382,0.142
0.000,8.432,0.134
0.376,8.482,0.165
-0.745,8.531,0.176
-0.376,8.581,0.148
-0.000,8.630,0.139
0.376,8.680,0.169
-0.745,8.730,0.178
-0.376,8.779,0.149
0.000,8.829,0.139
0.376,8.878,0.167
-0.746,8.928,0.176
-0.376,8.978,0.145
-0.000,9.027,0.133
0.377,9.077,0.161
-0.747,9.126,0.169
-0.377,9.176,0.137
0.000,9.226,0.124
0.378,9.275,0.151
-0.750,9.325,0.158
-0.379,9.374,0.126
-0.000,9.424,0.113
0.379,9.474,0.140
-0.753,9.523,0.147
-0.380,9.573,0.114
0.000,9.622,0.101
0.381,9.672,0.128
-0.756,9.722,0.136
-0.382,9.771,0.104
-0.000,9.821,0.091
0.382,9.870,0.119
-0.758,9.920,0.127
-0.383,9.970,0.095
0.000,10.019,0.084
0.383,10.069,0.113
-0.760,10.118,0.122
-0.383,10.168,0.091
-0.000,10.218,0.080
0.383,10.267,0.110
-0.760,10.317,0.120
-0.383,10.366,0.090
0.000,10.416,0.081
0.383,10.466,0.111
-0.760,10.515,0.122
-0.383,10.565,0.093
-0.000,10.614,0.084
0.383,10.664,0.115
-0.759,10.714,0.126
-0.382,10.763,0.097
0.000,10.813,0.089
0.382,10.862,0.120
-0.757,10.912,0.131
-0.382,10.962,0.102
-0.000,11.011,0.093
0.382,11.061,0.124
-0.756,11.110,0.135
-0.381,11.160,0.106
0.000,11.210,0.097
0.381,11.259,0.128
-0.755,11.309,0.138
-0.381,11.358,0.108
-0.000,11.408,0.097
0.381,11.458,0.127
-0.756,11.507,0.136
-0.382,11.557,0.105
0.000,11.606,0.093
0.382,11.656,0.121
-0.758,11.706,0.129
-0.383,11.755,0.096
-0.000,11.805,0.084
0.383,11.854,0.111
-0.761,11.904,0.117
-0.384,11.954,0.084
0.000,12.003,0.070
0.385,12.053,0.096
-0.765,12.102,0.101
-0.387,12.152,0.066
-0.000,12.202,0.051
0.388,12.251,0.076
-0.771,12.301,0.081
-0.389,12.350,0.046
0.000,12.400,0.030
0.391,12.450,0.055
-0.776,12.499,0.060
-0.392,12.549,0.024
-0.000,12.598,0.008
0.394,12.648,0.034
-0.782,12.698,0.039
-0.395,12.747,0.003
0.000,12.797,-0.012
0.396,12.846,0.015
-0.787,12.896,0.020
-0.397,12.946,-0.015
-0.000,12.995,-0.029
0.398,13.045,-0.002
-0.791,13.094,0.005
-0.399,13.144,-0.029
0.000,13.194,-0.042
0.400,13.243,-0.013
-0.793,13.293,-0.005
-0.400,13.342,-0.038
-0.000,13.392,-0.050
0.401,13.442,-0.020
-0.795,13.491,-0.011
-0.401,13.541,-0.043
0.000,13.590,-0.054
0.401,13.640,-0.022
-0.795,13.690,-0.012
-0.401,13.739,-0.043
-0.000,13.789,-0.053
0.401,13.838,-0.021
-0.795,13.888,-0.010
-0.401,13.938,-0.040
0.000,13.987,-0.049
0.400,14.037,-0.016
-0.793,14.086,-0.005
-0.400,14.136,-0.035
-0.000,14.186,-0.045
0.400,14.235,-0.012
-0.792,14.285,-0.001
-0.399,14.334,-0.031
0.000,14.384,-0.041
0.399,14.434,-0.009
-0.791,14.483,0.002
-0.399,14.533,-0.029
-0.000,14.582,-0.040
0.399,14.632,-0.008
-0.791,14.682,0.002
-0.399,14.731,-0.030
0.000,14.781,-0.041
0.400,14.830,-0.011
-0.793,14.880,-0.002
-0.400,14.930,-0.035
-0.000,14.979,-0.047
0.400,15.029,-0.018
-0.795,15.078,-0.010
-0.401,15.128,-0.043
0.000,15.178,-0.056
0.402,15.227,-0.027
-0.797,15.277,-0.020
-0.402,15.326,-0.054
-0.000,15.376,-0.068
0.403,15.426,-0.040
-0.801,15.475,-0.032
-0.404,15.525,-0.067
0.000,15.574,-0.080
0.405,15.624,-0.052
-0.804,15.674,-0.044
-0.406,15.723,-0.079
-0.000,15.773,-0.092
0.406,15.822,-0.063
-0.806,15.872,-0.055
-0.407,15.922,-0.089
0.000,15.971,-0.101
0.408,16.021,-0.071
-0.808,16.070,-0.062
-0.408,16.120,-0.095
-0.000,16.170,-0.106
0.408,16.219,-0.075
-0.809,16.269,-0.064
-0.408,16.318,-0.096
0.000,16.368,-0.106
0.408,16.418,-0.073
-0.808,16.467,-0.061
-0.407,16.517,-0.091
-0.000,16.566,-0.099
0.407,16.616,-0.065
-0.806,16.666,-0.052
-0.406,16.715,-0.081
0.000,16.765,-0.088
0.405,16.814,-0.053
-0.802,16.864,-0.039
-0.404,16.914,-0.066
-0.000,16.963,-0.073
0.403,17.013,-0.037
-0.798,17.062,-0.022
-0.402,17.112,-0.049
0.000,17.162,-0.055
0.401,17.211,-0.019
-0.793,17.261,-0.004
-0.399,17.310,-0.031
-0.000,17.360,-0.037
0.398,17.410,-0.001
-0.788,17.459,0.014
-0.397,17.509,-0.013
0.000,17.558,-0.020
0.396,17.608,0.015
-0.784,17.658,0.029
-0.395,17.707,0.001
-0.000,17.757,-0.006
0.394,17.806,0.028
-0.781,17.856,0.041
-0.394,17.906,0.013
0.000,17.955,0.005
0.393,18.005,0.037
-0.779,18.054,0.049
-0.393,18.104,0.020
-0.000,18.154,0.011
0.392,18.203,0.042
-0.778,18.253,0.053
-0.392,18.302,0.022
0.000,18.352,0.013
0.392,18.402,0.044
-0.778,18.451,0.054
-0.392,18.501,0.022
-0.000,18.550,0.012
0.392,18.600,0.042
-0.778,18.650,0.052
-0.393,18.699,0.020
0.000,18.749,0.010
0.393,18.798,0.040
-0.779,18.848,0.050
-0.393,18.898,0.019
-0.000,18.947,0.008
0.393,18.997,0.039
-0.779,19.046,0.049
-0.393,19.096,0.019
0.000,19.146,0.009
0.393,19.195,0.041
-0.778,19.245,0.052
-0.392,19.294,0.023
-0.000,19.344,0.014
0.392,19.394,0.046
-0.777,19.443,0.058
-0.391,19.493,0.030
0.000,19.542,0.022
0.391,19.592,0.056
-0.774,19.642,0.069
-0.390,19.691,0.042
-0.000,19.741,0.035
0.389,19.790,0.069
-0.770,19.840,0.083
-0.388,19.890,0.057
0.000,19.939,0.052
0.387,19.989,0.086
-0.765,20.038,0.101
-0.385,20.088,0.076
-0.000,20.138,0.071
0.384,20.187,0.106
-0.760,20.237,0.121
-0.383,20.286,0.095
0.000,20.336,0.090
0.382,20.386,0.124
-0.755,20.435,0.139
-0.380,20.485,0.114
-0.000,20.534,0.108
0.379,20.584,0.142
-0.751,20.634,0.155
-0.378,20.683,0.129
0.000,20.733,0.122
0.377,20.782,0.155
-0.748,20.832,0.168
-0.377,20.882,0.141
-0.000,20.931,0.133
0.376,20.981,0.164
-0.746,21.030,0.175
-0.376,21.080,0.147
0.000,21.130,0.137
0.376,21.179,0.167
-0.745,21.229,0.177
-0.376,21.278,0.147
-0.000,21.328,0.137
0.376,21.378,0.165
-0.746,21.427,0.174
-0.376,21.477,0.143
0.000,21.526,0.131
0.377,21.576,0.159
-0.748,21.626,0.166
-0.378,21.675,0.134
-0.000,21.725,0.122
0.378,21.774,0.149
-0.751,21.824,0.156
-0.379,21.874,0.123
0.000,21.923,0.111
0.380,21.973,0.138
-0.754,22.022,0.145
-0.380,22.072,0.112
-0.000,22.122,0.100
0.381,22.171,0.127
-0.757,22.221,0.135
-0.382,22.270,0.103
0.000,22.320,0.091
0.382,22.370,0.119
-0.758,22.419,0.127
-0.383,22.469,0.096
-0.000,22.518,0.085
0.383,22.568,0.114
-0.760,22.618,0.123
-0.383,22.667,0.092
0.000,22.717,0.082
0.383,22.766,0.112
-0.760,22.816,0.122
-0.383,22.866,0.093
-0.000,22.915,0.083
0.383,22.965,0.114
-0.759,23.014,0.125
-0.383,23.064,0.096
0.000,23.114,0.087
0.382,23.163,0.118
-0.758,23.213,0.130
-0.382,23.262,0.101
-0.000,23.312,0.093
0.382,23.362,0.124
-0.756,23.411,0.135
-0.381,23.461,0.107
0.000,23.510,0.098
0.381,23.560,0.129
-0.755,23.610,0.140
-0.381,23.659,0.111
-0.000,23.709,0.101
0.381,23.758,0.132
-0.754,23.808,0.142
-0.381,23.858,0.112
0.000,23.907,0.101
0.381,23.957,0.130
-0.755,24.006,0.139
-0.381,24.056,0.108
-0.000,24.106,0.096
0.382,24.155,0.124
-0.757,24.205,0.132
-0.382,24.254,0.099
0.000,24.304,0.086
0.383,24.354,0.113
-0.760,24.403,0.120
-0.384,24.453,0.086
-0.000,24.502,0.071
0.385,24.552,0.097
-0.765,24.602,0.103
-0.386,24.651,0.068
0.000,24.701,0.053
0.388,24.750,0.078
-0.770,24.800,0.083
-0.389,24.850,0.047
-0.000,24.899,0.032
0.391,24.949,0.057
-0.776,24.998,0.062
-0.392,25.048,0.025
0.000,25.098,0.010
0.393,25.147,0.036
-0.781,25.197,0.041
-0.395,25.246,0.005
-0.000,25.296,-0.010
0.396,25.346,0.017
-0.786,25.395,0.023
-0.397,25.445,-0.012
0.000,25.494,-0.027
0.398,25.544,0.001
-0.790,25.594,0.008
-0.399,25.643,-0.026
-0.000,25.693,-0.039
0.399,25.742,-0.010
-0.793,25.792,-0.002
-0.400,25.842,-0.035
0.000,25.891,-0.047
0.400,25.941,-0.016
-0.794,25.990,-0.007
-0.400,26.040,-0.038
-0.000,26.090,-0.049
0.400,26.139,-0.018
-0.794,26.189,-0.007
-0.400,26.238,-0.038
0.000,26.288,-0.048
0.400,26.338,-0.016
-0.793,26.387,-0.005
-0.400,26.437,-0.035
-0.000,26.486,-0.045
0.400,26.536,-0.012
-0.792,26.586,-0.001
-0.399,26.635,-0.031
0.000,26.685,-0.041
0.399,26.734,-0.008
-0.791,26.784,0.003
-0.399,26.834,-0.027
-0.000,26.883,-0.037
0.399,26.933,-0.006
-0.791,26.982,0.005
-0.399,27.032,-0.026
0.000,27.082,-0.037
0.399,27.131,-0.006
-0.791,27.181,0.004
-0.399,27.230,-0.028
-0.000,27.280,-0.040
0.399,27.330,-0.010
-0.792,27.379,-0.001
-0.400,27.429,-0.034
0.000,27.478,-0.047
0.400,27.528,-0.018
-0.795,27.578,-0.010
-0.401,27.627,-0.043
-0.000,27.677,-0.057
0.402,27.726,-0.028
-0.797,27.776,-0.021
-0.403,27.826,-0.055
0.000,27.875,-0.069
0.403,27.925,-0.041
-0.801,27.974,-0.034
-0.404,28.024,-0.069
-0.000,28.074,-0.082
0.405,28.123,-0.054
-0.804,28.173,-0.046
-0.406,28.222,-0.081
0.000,28.272,-0.094
0.407,28.322,-0.065
-0.807,28.371,-0.057
-0.407,28.421,-0.091
-0.000,28.470,-0.103
0.408,28.520,-0.073
-0.809,28.570,-0.064
-0.408,28.619,-0.097
0.000,28.669,-0.108
0.408,28.718,-0.076
-0.809,28.768,-0.065
-0.408,28.818,-0.097
-0.000,28.867,-0.107
0.408,28.917,-0.074
-0.808,28.966,-0.061
-0.407,29.016,-0.092
0.000,29.066,-0.100
0.407,29.115,-0.066
-0.806,29.165,-0.052
-0.406,29.214,-0.081
-0.000,29.264,-0.088
0.405,29.314,-0.053
-0.802,29.363,-0.039
-0.404,29.413,-0.066
0.000,29.462,-0.073
0.403,29.512,-0.037
-0.798,29.562,-0.022
-0.402,29.611,-0.049
-0.000,29.661,-0.055
0.401,29.710,-0.020
-0.793,29.760,-0.005
-0.399,29.810,-0.031
0.000,29.859,-0.037
0.398,29.909,-0.002
-0.789,29.958,0.013
-0.397,30.008,-0.014
-0.000,30.058,-0.021
0.396,30.107,0.014
-0.785,30.157,0.027
-0.395,30.206,-0.001
0.000,30.256,-0.008
0.395,30.306,0.026
-0.782,30.355,0.038
-0.394,30.405,0.010
-0.000,30.454,0.001
0.394,30.504,0.034
-0.780,30.554,0.046
-0.393,30.603,0.016
0.000,30.653,0.007
0.393,30.702,0.038
-0.779,30.752,0.049
-0.393,30.802,0.018
-0.000,30.851,0.008
0.393,30.901,0.038
-0.779,30.950,0.048
-0.393,31.000,0.017
0.000,31.050,0.007
0.393,31.099,0.037
-0.780,31.149,0.047
-0.393,31.198,0.016
-0.000,31.248,0.005
0.393,31.298,0.035
-0.780,31.347,0.045
-0.393,31.397,0.014
0.000,31.446,0.003
0.394,31.496,0.034
-0.780,31.546,0.045
-0.393,31.595,0.015
-0.000,31.645,0.005
0.393,31.694,0.037
-0.779,31.744,0.048
-0.393,31.794,0.019
0.000,31.843,0.010
0.392,31.893,0.043
-0.777,31.942,0.055
-0.392,31.992,0.027
-0.000,32.042,0.019
0.391,32.091,0.053
-0.774,32.141,0.066
-0.390,32.190,0.039
0.000,32.240,0.033
0.389,32.290,0.068
-0.770,32.339,0.082
-0.388,32.389,0.056
-0.000,32.438,0.051
0.387,32.488,0.085
-0.766,32.538,0.100
-0.385,32.587,0.075
0.000,32.637,0.070
0.384,32.686,0.105
-0.760,32.736,0.120
-0.383,32.786,0.095
-0.000,32.835,0.090
0.382,32.885,0.124
-0.755,32.934,0.138
-0.380,32.984,0.113
0.000,33.034,0.107
0.379,33.083,0.141
-0.751,33.133,0.155
-0.378,33.182,0.128
-0.000,33.232,0.121
0.378,33.282,0.154
-0.748,33.331,0.166
-0.377,33.381,0.139
0.000,33.430,0.131
0.376,33.480,0.162
-0.746,33.530,0.173
-0.376,33.579,0.145
-0.000,33.629,0.135
0.376,33.678,0.165
-0.746,33.728,0.175
-0.376,33.778,0.145
0.000,33.827,0.134
0.376,33.877,0.163
-0.747,33.926,0.171
-0.377,33.976,0.140
-0.000,34.026,0.128
0.377,34.075,0.156
-0.749,34.125,0.164
-0.378,34.174,0.132
0.000,34.224,0.119
0.379,34.274,0.146
-0.751,34.323,0.154
-0.379,34.373,0.121
-0.000,34.422,0.109
0.380,34.472,0.136
-0.754,34.522,0.143
-0.381,34.571,0.111
0.000,34.621,0.099
0.381,34.670,0.126
-0.757,34.720,0.134
-0.382,34.770,0.102
-0.000,34.819,0.090
0.382,34.869,0.119
-0.758,34.918,0.127
-0.383,34.968,0.096
0.000,35.018,0.085
0.383,35.067,0.114
-0.759,35.117,0.124
-0.383,35.166,0.094
-0.000,35.216,0.084
0.383,35.266,0.114
-0.759,35.315,0.124
-0.383,35.365,0.095
0.000,35.414,0.086
0.383,35.464,0.117
-0.758,35.514,0.128
-0.382,35.563,0.099
-0.000,35.613,0.091
0.382,35.662,0.122
-0.757,35.712,0.134
-0.381,35.762,0.105
0.000,35.811,0.097
0.381,35.861,0.128
-0.755,35.910,0.139
-0.381,35.960,0.111
-0.000,36.010,0.102
0.380,36.059,0.133
-0.754,36.109,0.144
-0.380,36.158,0.115
0.000,36.208,0.105
0.380,36.258,0.135
-0.754,36.307,0.145
-0.380,36.357,0.115
-0.000,36.406,0.105
0.380,36.456,0.134
-0.754,36.506,0.142
-0.381,36.555,0.111
0.000,36.605,0.099
0.381,36.654,0.127
-0.757,36.704,0.134
-0.382,36.754,0.101
-0.000,36.803,0.088
0.383,36.853,0.115
-0.760,36.902,0.121
-0.384,36.952,0.088
0.000,37.002,0.073
0.385,37.051,0.099
-0.765,37.101,0.104
-0.386,37.150,0.069
-0.000,37.200,0.054
0.388,37.250,0.079
-0.770,37.299,0.084
-0.389,37.349,0.048
0.000,37.398,0.033
0.390,37.448,0.058
-0.775,37.498,0.063
-0.392,37.547,0.027
-0.000,37.597,0.011
0.393,37.646,0.037
-0.781,37.696,0.042
-0.394,37.746,0.007
0.000,37.795,-0.008
0.396,37.845,0.018
-0.786,37.894,0.025
-0.397,37.944,-0.010
-0.000,37.994,-0.024
0.398,38.043,0.003
-0.789,38.093,0.011
-0.398,38.142,-0.023
0.000,38.192,-0.036
0.399,38.242,-0.007
-0.791,38.291,0.002
-0.399,38.341,-0.031
-0.000,38.390,-0.043
0.400,38.440,-0.012
-0.793,38.490,-0.003
-0.400,38.539,-0.034
0.000,38.589,-0.045
0.400,38.638,-0.013
-0.793,38.688,-0.003
-0.400,38.738,-0.033
-0.000,38.787,-0.043
0.400,38.837,-0.011
-0.792,38.886,0.000
-0.399,38.936,-0.030
0.000,38.986,-0.040
0.399,39.035,-0.007
-0.791,39.085,0.004
-0.399,39.134,-0.026
-0.000,39.184,-0.036
0.398,39.234,-0.004
-0.790,39.283,0.007
-0.398,39.333,-0.024
0.000,39.382,-0.034
0.398,39.432,-0.003
-0.790,39.482,0.008
-0.398,39.531,-0.023
-0.000,39.581,-0.034
0.398,39.630,-0.004
-0.790,39.680,0.006
-0.399,39.730,-0.026
0.000,39.779,-0.038
0.399,39.829,-0.009
-0.792,39.878,-0.000
-0.400,39.928,-0.033
-0.000,39.978,-0.046
0.400,40.027,-0.017
-0.795,40.077,-0.010
-0.401,40.126,-0.044
0.000,40.176,-0.058
0.402,40.226,-0.029
-0.798,40.275,-0.022
-0.403,40.325,-0.057
-0.000,40.374,-0.070
0.404,40.424,-0.042
-0.801,40.474,-0.035
-0.405,40.523,-0.070
0.000,40.573,-0.084
0.405,40.622,-0.056
-0.805,40.672,-0.048
-0.406,40.722,-0.083
-0.000,40.771,-0.096
0.407,40.821,-0.067
-0.808,40.870,-0.059
-0.408,40.920,-0.093
0.000,40.970,-0.105
0.408,41.019,-0.074
-0.809,41.069,-0.065
-0.408,41.118,-0.098
-0.000,41.168,-0.109
0.408,41.218,-0.077
-0.810,41.267,-0.066
-0.408,41.317,-0.098
0.000,41.366,-0.107
0.408,41.416,-0.074
-0.808,41.466,-0.062
-0.407,41.515,-0.092
-0.000,41.565,-0.100
0.407,41.614,-0.066
-0.806,41.664,-0.052
-0.406,41.714,-0.081
0.000,41.763,-0.088
0.405,41.813,-0.053
-0.802,41.862,-0.039
-0.404,41.912,-0.066
-0.000,41.962,-0.073
0.403,42.011,-0.037
-0.798,42.061,-0.022
-0.402,42.110,-0.049
0.000,42.160,-0.055
0.401,42.210,-0.020
-0.793,42.259,-0.005
-0.399,42.309,-0.031
-0.000,42.358,-0.038
0.398,42.408,-0.003
-0.789,42.458,0.012
-0.397,42.507,-0.016
0.000,42.557,-0.023
0.396,42.606,0.012
-0.785,42.656,0.025
-0.396,42.706,-0.003
-0.000,42.755,-0.010
0.395,42.805,0.023
-0.782,42.854,0.036
-0.394,42.904,0.007
0.000,42.954,-0.002
0.394,43.003,0.031
-0.781,43.053,0.042
-0.394,43.102,0.012
-0.000,43.152,0.002
0.394,43.202,0.034
-0.780,43.251,0.044
-0.394,43.301,0.013
0.000,43.350,0.003
0.394,43.400,0.034
-0.781,43.450,0.043
-0.394,43.499,0.012
-0.000,43.549,0.001
0.394,43.598,0.032
-0.781,43.648,0.041
-0.394,43.698,0.010
0.000,43.747,-0.001
0.394,43.797,0.030
-0.781,43.846,0.040
-0.394,43.896,0.009
-0.000,43.946,-0.002
0.394,43.995,0.030
-0.781,44.045,0.040
-0.394,44.094,0.010
0.000,44.144,0.000
0.394,44.194,0.032
-0.780,44.243,0.044
-0.393,44.293,0.015
-0.000,44.342,0.006
0.393,44.392,0.039
-0.778,44.442,0.052
-0.392,44.491,0.024
0.000,44.541,0.017
0.391,44.590,0.051
-0.775,44.640,0.064
-0.390,44.690,0.037
-0.000,44.739,0.031
0.389,44.789,0.066
-0.771,44.838,0.081
-0.388,44.888,0.055
0.000,44.938,0.049
0.387,44.987,0.084
-0.766,45.037,0.099
-0.386,45.086,0.074
-0.000,45.136,0.069
0.384,45.186,0.104
-0.761,45.235,0.119
-0.383,45.285,0.094
0.000,45.334,0.089
0.382,45.384,0.123
-0.755,45.434,0.138
-0.380,45.483,0.112
-0.000,45.533,0.106
0.379,45.582,0.140
-0.751,45.632,0.154
-0.379,45.682,0.127
0.000,45.731,0.120
0.378,45.781,0.153
-0.748,45.830,0.165
-0.377,45.880,0.138
-0.000,45.930,0.130
0.377,45.979,0.161
-0.747,46.029,0.172
-0.376,46.078,0.143
0.000,46.128,0.133
0.376,46.178,0.163
-0.746,46.227,0.173
-0.376,46.277,0.143
-0.000,46.326,0.132
0.377,46.376,0.160
-0.747,46.426,0.168
-0.377,46.475,0.137
0.000,46.525,0.126
0.378,46.574,0.153
-0.750,46.624,0.161
-0.378,46.674,0.129
-0.000,46.723,0.117
0.379,46.773,0.144
-0.752,46.822,0.151
-0.380,46.872,0.119
0.000,46.922,0.107
0.380,46.971,0.134
-0.755,47.021,0.141
-0.381,47.070,0.109
-0.000,47.120,0.097
0.382,47.170,0.125
-0.757,47.219,0.133
-0.382,47.269,0.101
0.000,47.318,0.090
0.382,47.368,0.119
-0.758,47.418,0.127
-0.383,47.467,0.097
-0.000,47.517,0.086
0.383,47.566,0.115
-0.759,47.616,0.125
-0.383,47.666,0.095
0.000,47.715,0.085
0.383,47.765,0.116
-0.759,47.814,0.127
-0.382,47.864,0.098
-0.000,47.914,0.089
0.382,47.963,0.120
-0.757,48.013,0.131
-0.382,48.062,0.103
0.000,48.112,0.094
0.381,48.162,0.126
-0.756,48.211,0.137
-0.381,48.261,0.109
-0.000,48.310,0.101
0.380,48.360,0.132
-0.754,48.410,0.143
-0.380,48.459,0.115
0.000,48.509,0.106
0.380,48.558,0.137
-0.753,48.608,0.148
-0.380,48.658,0.119
-0.000,48.707,0.109
0.380,48.757,0.139
-0.753,48.806,0.149
-0.380,48.856,0.119
0.000,48.906,0.108
0.380,48.955,0.137
-0.753,49.005,0.146
-0.380,49.054,0.114
-0.000,49.104,0.102
0.381,49.154,0.130
-0.756,49.203,0.137
-0.382,49.253,0.104
0.000,49.302,0.091
0.382,49.352,0.117
-0.759,49.402,0.123
-0.383,49.451,0.089
-0.000,49.501,0.075
0.385,49.550,0.101
-0.764,49.600,0.106
-0.386,49.650,0.071
0.000,49.699,0.055
0.387,49.749,0.080
-0.769,49.798,0.085
-0.389,49.848,0.050
-0.000,49.898,0.034
0.390,49.947,0.059
-0.775,49.997,0.064
-0.392,50.046,0.028
0.000,50.096,0.013
0.393,50.146,0.039
-0.780,50.195,0.044
-0.394,50.245,0.009
-0.000,50.294,-0.006
0.395,50.344,0.020
-0.785,50.394,0.027
-0.396,50.443,-0.008
0.000,50.493,-0.022
0.397,50.542,0.006
-0.788,50.592,0.014
-0.398,50.642,-0.020
-0.000,50.691,-0.033
0.398,50.741,-0.003
-0.791,50.790,0.005
-0.399,50.840,-0.027
0.000,50.890,-0.039
0.399,50.939,-0.008
-0.791,50.989,0.002
-0.399,51.038,-0.030
-0.000,51.088,-0.040
0.399,51.138,-0.009
-0.791,51.187,0.002
-0.399,51.237,-0.029
0.000,51.286,-0.039
0.399,51.336,-0.006
-0.791,51.386,0.005
-0.399,51.435,-0.025
-0.000,51.485,-0.035
0.398,51.534,-0.003
-0.790,51.584,0.008
-0.398,51.634,-0.022
0.000,51.683,-0.032
0.398,51.733,0.000
-0.789,51.782,0.011
-0.398,51.832,-0.020
-0.000,51.882,-0.030
0.398,51.931,0.001
-0.789,51.981,0.011
-0.398,52.030,-0.021
0.000,52.080,-0.032
0.398,52.130,-0.002
-0.790,52.179,0.008
-0.398,52.229,-0.025
-0.000,52.278,-0.037
0.399,52.328,-0.007
-0.792,52.378,0.001
-0.400,52.427,-0.033
0.000,52.477,-0.046
0.400,52.526,-0.017
-0.795,52.576,-0.010
-0.401,52.626,-0.044
-0.000,52.675,-0.058
0.402,52.725,-0.029
-0.798,52.774,-0.023
-0.403,52.824,-0.058
0.000,52.874,-0.072
0.404,52.923,-0.044
-0.802,52.973,-0.037
-0.405,53.022,-0.072
-0.000,53.072,-0.085
0.406,53.122,-0.057
-0.805,53.171,-0.050
-0.406,53.221,-0.084
0.000,53.270,-0.098
0.407,53.320,-0.068
-0.808,53.370,-0.060
-0.408,53.419,-0.094
-0.000,53.469,-0.106
0.408,53.518,-0.075
-0.809,53.568,-0.066
-0.408,53.618,-0.099
0.000,53.667,-0.110
0.408,53.717,-0.078
-0.810,53.766,-0.067
-0.408,53.816,-0.098
-0.000,53.866,-0.108
0.408,53.915,-0.075
-0.809,53.965,-0.062
-0.408,54.014,-0.092
0.000,54.064,-0.100
0.407,54.114,-0.066
-0.806,54.163,-0.052
-0.406,54.213,-0.081
-0.000,54.262,-0.088
0.405,54.312,-0.053
-0.802,54.362,-0.038
-0.404,54.411,-0.066
0.000,54.461,-0.072
0.403,54.510,-0.037
-0.798,54.560,-0.022
-0.402,54.610,-0.049
-0.000,54.659,-0.055
0.401,54.709,-0.020
-0.793,54.758,-0.005
-0.400,54.808,-0.032
0.000,54.858,-0.039
0.398,54.907,-0.004
-0.789,54.957,0.011
-0.397,55.006,-0.017
-0.000,55.056,-0.024
0.397,55.106,0.010
-0.786,55.155,0.024
-0.396,55.205,-0.005
0.000,55.254,-0.013
0.395,55.304,0.021
-0.783,55.354,0.033
-0.395,55.403,0.004
-0.000,55.453,-0.005
0.394,55.502,0.027
-0.782,55.552,0.038
-0.394,55.602,0.008
0.000,55.651,-0.002
0.394,55.701,0.029
-0.782,55.750,0.039
-0.394,55.800,0.008
-0.000,55.850,-0.002
0.394,55.899,0.029
-0.782,55.949,0.038
-0.394,55.998,0.007
0.000,56.048,-0.004
0.394,56.098,0.027
-0.782,56.147,0.036
-0.395,56.197,0.005
-0.000,56.246,-0.006
0.395,56.296,0.025
-0.783,56.346,0.035
-0.395,56.395,0.003
0.000,56.445,-0.007
0.395,56.494,0.025
-0.783,56.544,0.036
-0.395,56.594,0.005
-0.000,56.643,-0.004
0.394,56.693,0.028
-0.781,56.742,0.040
-0.394,56.792,0.011
0.000,56.842,0.003
0.393,56.891,0.036
-0.779,56.941,0.049
-0.392,56.990,0.021
-0.000,57.040,0.014
0.392,57.090,0.048
-0.776,57.139,0.062
-0.391,57.189,0.035
0.000,57.238,0.029
0.389,57.288,0.064
-0.771,57.338,0.079
-0.388,57.387,0.053
-0.000,57.437,0.048
0.387,57.486,0.083
-0.766,57.536,0.098
-0.386,57.586,0.073
0.000,57.635,0.068
0.384,57.685,0.104
-0.761,57.734,0.119
-0.383,57.784,0.094
-0.000,57.834,0.088
0.382,57.883,0.123
-0.756,57.933,0.137
-0.381,57.982,0.111
0.000,58.032,0.105
0.380,58.082,0.139
-0.752,58.131,0.153
-0.379,58.181,0.126
-0.000,58.230,0.119
0.378,58.280,0.152
-0.749,58.330,0.164
-0.377,58.379,0.136
0.000,58.429,0.128
0.377,58.478,0.159
-0.747,58.528,0.170
-0.377,58.578,0.141
-0.000,58.627,0.131
0.377,58.677,0.161
-0.747,58.726,0.170
-0.377,58.776,0.140
0.000,58.826,0.129
0.377,58.875,0.157
-0.748,58.925,0.166
-0.377,58.974,0.135
-0.000,59.024,0.123
0.378,59.074,0.151
-0.750,59.123,0.158
-0.379,59.173,0.126
0.000,59.222,0.114
0.379,59.272,0.141
-0.753,59.322,0.149
-0.380,59.371,0.117
-0.000,59.421,0.104
0.380,59.470,0.132
-0.755,59.520,0.139
-0.381,59.570,0.107
0.000,59.619,0.095
0.382,59.669,0.123
-0.757,59.718,0.132
-0.382,59.768,0.101
-0.000,59.818,0.090
0.382,59.867,0.118
-0.758,59.917,0.127
-0.383,59.966,0.097
0.000,60.016,0.087
0.383,60.066,0.117
-0.759,60.115,0.126
-0.383,60.165,0.097
-0.000,60.214,0.087
0.382,60.264,0.118
-0.758,60.314,0.129
-0.382,60.363,0.100
0.000,60.413,0.091
0.382,60.462,0.123
-0.757,60.512,0.134
-0.381,60.562,0.106
-0.000,60.611,0.098
0.381,60.661,0.129
-0.755,60.710,0.141
-0.380,60.760,0.113
0.000,60.810,0.105
0.380,60.859,0.136
-0.753,60.909,0.147
-0.380,60.958,0.119
-0.000,61.008,0.110
0.379,61.058,0.141
-0.752,61.107,0.152
-0.379,61.157,0.122
0.000,61.206,0.113
0.379,61.256,0.143
-0.752,61.306,0.153
-0.379,61.355,0.122
-0.000,61.405,0.111
0.379,61.454,0.140
-0.753,61.504,0.148
-0.380,61.554,0.117
0.000,61.603,0.105
0.380,61.653,0.132
-0.755,61.702,0.139
-0.381,61.752,0.106
-0.000,61.802,0.093
0.382,61.851,0.119
-0.759,61.901,0.125
-0.383,61.950,0.091
0.000,62.000,0.076
0.385,62.050,0.102
-0.764,62.099,0.107
-0.386,62.149,0.072
-0.000,62.198,0.057
0.387,62.248,0.082
-0.769,62.298,0.087
-0.389,62.347,0.051
0.000,62.397,0.036
0.390,62.446,0.061
-0.775,62.496,0.066
-0.391,62.546,0.030
-0.000,62.595,0.015
0.393,62.645,0.041
-0.780,62.694,0.046
-0.394,62.744,0.011
0.000,62.794,-0.004
0.395,62.843,0.023
-0.784,62.893,0.029
-0.396,62.942,-0.005
-0.000,62.992,-0.019
0.397,63.042,0.009
-0.788,63.091,0.017
-0.397,63.141,-0.016
0.000,63.190,-0.029
0.398,63.240,0.000
-0.790,63.290,0.009
-0.398,63.339,-0.023
-0.000,63.389,-0.034
0.398,63.438,-0.004
-0.790,63.488,0.006
-0.399,63.538,-0.025
0.000,63.587,-0.036
0.399,63.637,-0.004
-0.790,63.686,0.007
-0.398,63.736,-0.024
-0.000,63.786,-0.034
0.398,63.835,-0.002
-0.789,63.885,0.009
-0.398,63.934,-0.021
0.000,63.984,-0.031
0.398,64.034,0.001
-0.789,64.083,0.013
-0.398,64.133,-0.018
-0.000,64.182,-0.028
0.397,64.232,0.004
-0.788,64.282,0.015
-0.397,64.331,-0.016
0.000,64.381,-0.027
0.397,64.430,0.004
-0.788,64.480,0.014
-0.398,64.530,-0.018
-0.000,64.579,-0.029
0.398,64.629,0.001
-0.789,64.678,0.010
-0.398,64.728,-0.023
0.000,64.778,-0.035
0.399,64.827,-0.006
-0.791,64.877,0.002
-0.400,64.926,-0.032
-0.000,64.976,-0.045
0.400,65.026,-0.017
-0.795,65.075,-0.010
-0.401,65.125,-0.044
0.000,65.174,-0.058
0.402,65.224,-0.030
-0.798,65.274,-0.023
-0.403,65.323,-0.058
-0.000,65.373,-0.073
0.404,65.422,-0.045
-0.802,65.472,-0.037
-0.405,65.522,-0.073
0.000,65.571,-0.087
0.406,65.621,-0.058
-0.805,65.670,-0.051
-0.407,65.720,-0.086
-0.000,65.770,-0.099
0.407,65.819,-0.069
-0.808,65.869,-0.061
-0.408,65.918,-0.095
0.000,65.968,-0.107
0.408,66.018,-0.076
-0.810,66.067,-0.067
-0.408,66.117,-0.099
-0.000,66.166,-0.110
0.408,66.216,-0.078
-0.810,66.266,-0.067
-0.408,66.315,-0.099
0.000,66.365,-0.108
0.408,66.414,-0.075
-0.809,66.464,-0.062
-0.407,66.514,-0.092
-0.000,66.563,-0.100
0.407,66.613,-0.065
-0.806,66.662,-0.052
-0.406,66.712,-0.080
0.000,66.762,-0.088
0.405,66.811,-0.052
-0.802,66.861,-0.038
-0.404,66.910,-0.066
-0.000,66.960,-0.072
0.403,67.010,-0.037
-0.798,67.059,-0.022
-0.402,67.109,-0.049
0.000,67.158,-0.056
0.401,67.208,-0.020
-0.793,67.258,-0.005
-0.400,67.307,-0.032
-0.000,67.357,-0.039
0.399,67.406,-0.004
-0.789,67.456,0.010
-0.398,67.506,-0.018
0.000,67.555,-0.025
0.397,67.605,0.009
-0.786,67.654,0.022
-0.396,67.704,-0.007
-0.000,67.754,-0.015
0.396,67.803,0.018
-0.784,67.853,0.030
-0.395,67.902,0.000
0.000,67.952,-0.009
0.395,68.002,0.023
-0.783,68.051,0.034
-0.395,68.101,0.004
-0.000,68.150,-0.006
0.395,68.200,0.025
-0.783,68.250,0.035
-0.395,68.299,0.004
0.000,68.349,-0.007
0.395,68.398,0.024
-0.783,68.448,0.034
-0.395,68.498,0.002
-0.000,68.547,-0.009
0.395,68.597,0.021
-0.784,68.646,0.031
-0.395,68.696,-0.000
0.000,68.746,-0.011
0.395,68.795,0.019
-0.784,68.845,0.030
-0.395,68.894,-0.001
-0.000,68.944,-0.011
0.395,68.994,0.020
-0.784,69.043,0.031
-0.395,69.093,0.001
0.000,69.142,-0.008
0.395,69.192,0.024
-0.782,69.242,0.036
-0.394,69.291,0.007
-0.000,69.341,-0.001
0.394,69.390,0.033
-0.780,69.440,0.046
-0.393,69.490,0.018
0.000,69.539,0.011
0.392,69.589,0.046
-0.776,69.638,0.060
-0.391,69.688,0.033
-0.000,69.738,0.028
0.390,69.787,0.063
-0.772,69.837,0.078
-0.388,69.886,0.052
0.000,69.936,0.047
0.387,69.986,0.082
-0.766,70.035,0.097
-0.386,70.085,0.072
-0.000,70.134,0.067
0.384,70.184,0.103
-0.761,70.234,0.118
-0.383,70.283,0.093
0.000,70.333,0.087
0.382,70.382,0.122
-0.756,70.432,0.136
-0.381,70.482,0.110
-0.000,70.531,0.104
0.380,70.581,0.138
-0.752,70.630,0.151
-0.379,70.680,0.125
0.000,70.730,0.117
0.378,70.779,0.150
-0.749,70.829,0.162
-0.378,70.878,0.134
-0.000,70.928,0.126
0.377,70.978,0.157
-0.748,71.027,0.167
-0.377,71.077,0.138
0.000,71.126,0.128
0.377,71.176,0.158
-0.748,71.226,0.167
-0.377,71.275,0.137
-0.000,71.325,0.126
0.377,71.374,0.155
-0.749,71.424,0.163
-0.378,71.474,0.131
0.000,71.523,0.120
0.378,71.573,0.148
-0.751,71.622,0.155
-0.379,71.672,0.123
-0.000,71.722,0.111
0.380,71.771,0.138
-0.753,71.821,0.146
-0.380,71.870,0.114
0.000,71.920,0.102
0.381,71.970,0.130
-0.756,72.019,0.137
-0.381,72.069,0.106
-0.000,72.118,0.094
0.382,72.168,0.122
-0.758,72.218,0.131
-0.382,72.267,0.100
0.000,72.317,0.089
0.382,72.366,0.118
-0.758,72.416,0.127
-0.383,72.466,0.097
-0.000,72.515,0.087
0.382,72.565,0.117
-0.758,72.614,0.127
-0.382,72.664,0.098
0.000,72.714,0.089
0.382,72.763,0.120
-0.757,72.813,0.131
-0.382,72.862,0.102
-0.000,72.912,0.094
0.381,72.962,0.125
-0.756,73.011,0.137
-0.381,73.061,0.109
0.000,73.110,0.101
0.380,73.160,0.132
-0.754,73.210,0.144
-0.380,73.259,0.116
-0.000,73.309,0.108
0.380,73.358,0.139
-0.752,73.408,0.151
-0.379,73.458,0.123
0.000,73.507,0.114
0.379,73.557,0.145
-0.751,73.606,0.155
-0.379,73.656,0.126
-0.000,73.706,0.116
0.379,73.755,0.146
-0.751,73.805,0.156
-0.379,73.854,0.125
0.000,73.904,0.114
0.379,73.954,0.143
-0.752,74.003,0.151
-0.380,74.053,0.119
-0.000,74.102,0.107
0.380,74.152,0.134
-0.755,74.202,0.141
-0.381,74.251,0.108
0.000,74.301,0.094
0.382,74.350,0.120
-0.759,74.400,0.126
-0.383,74.450,0.092
-0.000,74.499,0.077
0.384,74.549,0.103
-0.763,74.598,0.108
-0.386,74.648,0.073
0.000,74.698,0.058
0.387,74.747,0.083
-0.769,74.797,0.088
-0.388,74.846,0.052
-0.000,74.896,0.037
0.390,74.946,0.062
-0.774,74.995,0.067
-0.391,75.045,0.031
0.000,75.094,0.016
0.392,75.144,0.042
-0.779,75.194,0.048
-0.394,75.243,0.013
-0.000,75.293,-0.002
0.395,75.342,0.025
-0.784,75.392,0.032
-0.396,75.442,-0.002
0.000,75.491,-0.016
0.396,75.541,0.012
-0.787,75.590,0.020
-0.397,75.640,-0.013
-0.000,75.690,-0.025
0.397,75.739,0.004
-0.789,75.789,0.013
-0.398,75.838,-0.019
0.000,75.888,-0.030
0.398,75.938,0.001
-0.789,75.987,0.011
-0.398,76.037,-0.020
-0.000,76.086,-0.031
0.398,76.136,0.001
-0.789,76.186,0.012
-0.398,76.235,-0.019
0.000,76.285,-0.029
0.398,76.334,0.003
-0.788,76.384,0.014
-0.397,76.434,-0.016
-0.000,76.483,-0.026
0.397,76.533,0.006
-0.787,76.582,0.017
-0.397,76.632,-0.013
0.000,76.682,-0.023
0.397,76.731,0.008
-0.787,76.781,0.019
-0.397,76.830,-0.012
-0.000,76.880,-0.023
0.397,76.930,0.008
-0.787,76.979,0.017
-0.397,77.029,-0.015
0.000,77.078,-0.027
0.398,77.128,0.003
-0.789,77.178,0.012
-0.398,77.227,-0.021
-0.000,77.277,-0.034
0.399,77.326,-0.005
-0.791,77.376,0.003
-0.399,77.426,-0.031
0.000,77.475,-0.045
0.400,77.525,-0.017
-0.795,77.574,-0.010
-0.401,77.624,-0.044
-0.000,77.674,-0.059
0.402,77.723,-0.031
-0.798,77.773,-0.024
-0.403,77.822,-0.059
0.000,77.872,-0.074
0.404,77.922,-0.046
-0.802,77.971,-0.039
-0.405,78.021,-0.074
-0.000,78.070,-0.088
0.406,78.120,-0.059
-0.806,78.170,-0.052
-0.407,78.219,-0.087
0.000,78.269,-0.100
0.407,78.318,-0.071
-0.809,78.368,-0.062
-0.408,78.418,-0.096
-0.000,78.467,-0.108
0.408,78.517,-0.077
-0.810,78.566,-0.068
-0.409,78.616,-0.100
0.000,78.666,-0.111
0.409,78.715,-0.079
-0.810,78.765,-0.068
-0.408,78.814,-0.099
-0.000,78.864,-0.108
0.408,78.914,-0.074
-0.808,78.963,-0.062
-0.407,79.013,-0.092
0.000,79.062,-0.100
0.407,79.112,-0.065
-0.806,79.162,-0.052
-0.406,79.211,-0.080
-0.000,79.261,-0.087
0.405,79.310,-0.052
-0.802,79.360,-0.037
-0.404,79.410,-0.065
0.000,79.459,-0.072
0.403,79.509,-0.036
-0.798,79.558,-0.022
-0.402,79.608,-0.049
-0.000,79.658,-0.056
0.401,79.707,-0.020
-0.794,79.757,-0.006
-0.400,79.806,-0.033
0.000,79.856,-0.040
0.399,79.906,-0.005
-0.790,79.955,0.009
-0.398,80.005,-0.019
-0.000,80.054,-0.027
0.397,80.104,0.007
-0.787,80.154,0.020
-0.396,80.203,-0.009
0.000,80.253,-0.018
0.396,80.302,0.015
-0.785,80.352,0.027
-0.396,80.402,-0.003
-0.000,80.451,-0.012
0.395,80.501,0.020
-0.784,80.550,0.030
-0.395,80.600,-0.001
0.000,80.650,-0.011
0.395,80.699,0.020
-0.784,80.749,0.030
-0.395,80.798,-0.001
-0.000,80.848,-0.012
0.395,80.898,0.019
-0.784,80.947,0.028
-0.396,80.997,-0.003
0.000,81.046,-0.014
0.396,81.096,0.016
-0.785,81.146,0.026
-0.396,81.195,-0.005
-0.000,81.245,-0.016
0.396,81.294,0.014
-0.786,81.344,0.025
-0.396,81.394,-0.006
0.000,81.443,-0.016
0.396,81.493,0.015
-0.785,81.542,0.027
-0.396,81.592,-0.003
-0.000,81.642,-0.012
0.395,81.691,0.020
-0.783,81.741,0.032
-0.395,81.790,0.004
0.000,81.840,-0.004
0.394,81.890,0.030
-0.781,81.939,0.043
-0.393,81.989,0.016
-0.000,82.038,0.009
0.392,82.088,0.044
-0.777,82.138,0.058
-0.391,82.187,0.032
0.000,82.237,0.026
0.390,82.286,0.061
-0.772,82.336,0.076
-0.389,82.386,0.051
-0.000,82.435,0.046
0.387,82.485,0.081
-0.767,82.534,0.096
-0.386,82.584,0.071
0.000,82.634,0.066
0.385,82.683,0.102
-0.761,82.733,0.117
-0.383,82.782,0.092
-0.000,82.832,0.086
0.382,82.882,0.121
-0.756,82.931,0.135
-0.381,82.981,0.109
0.000,83.030,0.103
0.380,83.080,0.137
-0.752,83.130,0.150
-0.379,83.179,0.123
-0.000,83.229,0.116
0.378,83.278,0.148
-0.750,83.328,0.160
-0.378,83.378,0.132
0.000,83.427,0.123
0.378,83.477,0.154
-0.749,83.526,0.165
-0.377,83.576,0.136
-0.000,83.626,0.126
0.377,83.675,0.155
-0.749,83.725,0.164
-0.378,83.774,0.134
0.000,83.824,0.123
0.378,83.874,0.152
-0.750,83.923,0.160
-0.378,83.973,0.128
-0.000,84.022,0.116
0.379,84.072,0.144
-0.752,84.122,0.152
-0.379,84.171,0.120
0.000,84.221,0.108
0.380,84.270,0.136
-0.754,84.320,0.143
-0.381,84.370,0.111
-0.000,84.419,0.099
0.381,84.469,0.127
-0.756,84.518,0.136
-0.382,84.568,0.104
0.000,84.618,0.093
0.382,84.667,0.121
-0.758,84.717,0.130
-0.382,84.766,0.099
-0.000,84.816,0.088
0.382,84.866,0.118
-0.758,84.915,0.128
-0.382,84.965,0.098
0.000,85.014,0.088
0.382,85.064,0.118
-0.758,85.114,0.129
-0.382,85.163,0.100
-0.000,85.213,0.091
0.382,85.262,0.122
-0.757,85.312,0.133
-0.382,85.362,0.105
0.000,85.411,0.097
0.381,85.461,0.128
-0.755,85.510,0.140
-0.380,85.560,0.112
-0.000,85.610,0.104
0.380,85.659,0.136
-0.753,85.709,0.148
-0.379,85.758,0.120
0.000,85.808,0.112
0.379,85.858,0.143
-0.751,85.907,0.155
-0.379,85.957,0.126
-0.000,86.006,0.117
0.378,86.056,0.148
-0.750,86.106,0.158
-0.378,86.155,0.129
0.000,86.205,0.120
0.378,86.254,0.149
-0.750,86.304,0.159
-0.378,86.354,0.128
-0.000,86.403,0.117
0.379,86.453,0.146
-0.751,86.502,0.154
-0.379,86.552,0.122
0.000,86.602,0.109
0.380,86.651,0.136
-0.754,86.701,0.143
-0.381,86.750,0.110
-0.000,86.800,0.096
0.382,86.850,0.122
-0.758,86.899,0.128
-0.383,86.949,0.094
0.000,86.998,0.079
0.384,87.048,0.105
-0.763,87.098,0.110
-0.385,87.147,0.074
-0.000,87.197,0.059
0.387,87.246,0.084
-0.768,87.296,0.089
-0.388,87.346,0.053
0.000,87.395,0.038
0.390,87.445,0.063
-0.774,87.494,0.069
-0.391,87.544,0.033
-0.000,87.594,0.018
0.392,87.643,0.044
-0.779,87.693,0.050
-0.393,87.742,0.015
0.000,87.792,0.000
0.394,87.842,0.028
-0.783,87.891,0.035
-0.395,87.941,0.000
-0.000,87.990,-0.013
0.396,88.040,0.016
-0.786,88.090,0.024
-0.397,88.139,-0.009
0.000,88.189,-0.021
0.397,88.238,0.008
-0.787,88.288,0.018
-0.397,88.338,-0.014
-0.000,88.387,-0.025
0.397,88.437,0.005
-0.788,88.486,0.016
-0.397,88.536,-0.015
0.000,88.586,-0.026
0.397,88.635,0.006
-0.788,88.685,0.016
-0.397,88.734,-0.014
-0.000,88.784,-0.024
0.397,88.834,0.008
-0.787,88.883,0.019
-0.397,88.933,-0.011
0.000,88.982,-0.021
0.397,89.032,0.011
-0.786,89.082,0.022
-0.396,89.131,-0.009
-0.000,89.181,-0.019
0.396,89.230,0.012
-0.786,89.280,0.023
-0.396,89.330,-0.009
0.000,89.379,-0.020
0.397,89.429,0.010
-0.787,89.478,0.020
-0.397,89.528,-0.012
-0.000,89.578,-0.024
0.397,89.627,0.005
-0.788,89.677,0.014
-0.398,89.726,-0.020
0.000,89.776,-0.033
0.398,89.826,-0.004
-0.791,89.875,0.004
-0.399,89.925,-0.031
-0.000,89.974,-0.044
0.400,90.024,-0.017
-0.795,90.074,-0.010
-0.401,90.123,-0.044
0.000,90.173,-0.059
0.402,90.222,-0.031
-0.798,90.272,-0.025
-0.403,90.322,-0.060
-0.000,90.371,-0.075
0.404,90.421,-0.047
-0.803,90.470,-0.040
-0.405,90.520,-0.075
0.000,90.570,-0.089
0.406,90.619,-0.060
-0.806,90.669,-0.053
-0.407,90.718,-0.088
-0.000,90.768,-0.101
0.408,90.818,-0.071
-0.809,90.867,-0.063
-0.408,90.917,-0.097
0.000,90.966,-0.109
0.408,91.016,-0.078
-0.810,91.066,-0.068
-0.409,91.115,-0.100
-0.000,91.165,-0.111
0.409,91.214,-0.079
-0.810,91.264,-0.068
-0.408,91.314,-0.099
0.000,91.363,-0.108
0.408,91.413,-0.074
-0.808,91.462,-0.062
-0.407,91.512,-0.091
-0.000,91.562,-0.099
0.407,91.611,-0.065
-0.805,91.661,-0.051
-0.406,91.710,-0.079
0.000,91.760,-0.086
0.405,91.810,-0.051
-0.802,91.859,-0.037
-0.404,91.909,-0.065
-0.000,91.958,-0.071
0.403,92.008,-0.036
-0.798,92.058,-0.022
-0.402,92.107,-0.049
0.000,92.157,-0.056
0.401,92.206,-0.020
-0.794,92.256,-0.006
-0.400,92.306,-0.034
-0.000,92.355,-0.040
0.399,92.405,-0.006
-0.790,92.454,0.008
-0.398,92.504,-0.021
0.000,92.554,-0.029
0.397,92.603,0.005
-0.787,92.653,0.018
-0.397,92.702,-0.011
-0.000,92.752,-0.020
0.396,92.802,0.012
-0.786,92.851,0.024
-0.396,92.901,-0.006
0.000,92.950,-0.016
0.396,93.000,0.016
-0.785,93.050,0.026
-0.396,93.099,-0.005
-0.000,93.149,-0.015
0.396,93.198,0.016
-0.785,93.248,0.026
-0.396,93.298,-0.006
0.000,93.347,-0.017
0.396,93.397,0.014
-0.786,93.446,0.023
-0.396,93.496,-0.009
-0.000,93.546,-0.020
0.397,93.595,0.011
-0.787,93.645,0.021
-0.397,93.694,-0.010
0.000,93.744,-0.021
0.397,93.794,0.009
-0.787,93.843,0.020
-0.397,93.893,-0.011
-0.000,93.942,-0.021
0.397,93.992,0.011
-0.786,94.042,0.023
-0.396,94.091,-0.007
0.000,94.141,-0.016
0.396,94.190,0.017
-0.784,94.240,0.029
-0.395,94.290,0.001
-0.000,94.339,-0.007
0.394,94.389,0.027
-0.781,94.438,0.041
-0.394,94.488,0.013
0.000,94.538,0.007
0.392,94.587,0.042
-0.777,94.637,0.056
-0.391,94.686,0.030
-0.000,94.736,0.024
0.390,94.786,0.059
-0.772,94.835,0.075
-0.389,94.885,0.049
0.000,94.934,0.045
0.387,94.984,0.080
-0.767,95.034,0.095
-0.386,95.083,0.070
-0.000,95.133,0.065
0.385,95.182,0.078
