timestamp_ms,path_id,sweep_id,half_sweep_id,sample_id,gimbal_angle_deg,distance_m,drone_x_m,drone_y_m
0,0,0,0,0,-15.0,3.0,0.0,0.0
62,0,0,0,1,-7.5,3.005,0.0,0.05
124,0,0,0,2,0.0,3.011,0.0,0.099
186,0,0,0,3,7.5,3.016,0.0,0.149
248,0,0,1,0,15.0,3.022,0.0,0.198
310,0,0,1,1,7.5,3.027,0.0,0.248
372,0,0,1,2,0.0,3.032,0.0,0.298
434,0,0,1,3,-7.5,3.037,0.0,0.347
496,0,1,0,0,-15.0,3.041,0.0,0.397
558,0,1,0,1,-7.5,3.046,0.0,0.446
620,0,1,0,2,0.0,3.05,0.0,0.496
682,0,1,0,3,7.5,3.054,0.0,0.546
744,0,1,1,0,15.0,3.057,0.0,0.595
806,0,1,1,1,7.5,3.061,0.0,0.645
868,0,1,1,2,0.0,3.064,0.0,0.694
930,0,1,1,3,-7.5,3.066,0.0,0.744
992,0,2,0,0,-15.0,3.069,0.0,0.794
1054,0,2,0,1,-7.5,3.071,0.0,0.843
1116,0,2,0,2,0.0,3.072,0.0,0.893
1178,0,2,0,3,7.5,3.074,0.0,0.942
1240,0,2,1,0,15.0,3.075,0.0,0.992
1302,0,2,1,1,7.5,3.076,0.0,1.042
1364,0,2,1,2,0.0,3.076,0.0,1.091
1426,0,2,1,3,-7.5,3.076,0.0,1.141
1488,0,3,0,0,-15.0,3.076,0.0,1.19
1550,0,3,0,1,-7.5,3.076,0.0,1.24
1612,0,3,0,2,0.0,3.076,0.0,1.29
1674,0,3,0,3,7.5,3.075,0.0,1.339
1736,0,3,1,0,15.0,3.074,0.0,1.389
1798,0,3,1,1,7.5,3.073,0.0,1.438
1860,0,3,1,2,0.0,3.072,0.0,1.488
1922,0,3,1,3,-7.5,3.071,0.0,1.538
1984,0,4,0,0,-15.0,3.07,0.0,1.587
2046,0,4,0,1,-7.5,3.068,0.0,1.637
2108,0,4,0,2,0.0,3.067,0.0,1.686
2170,0,4,0,3,7.5,3.066,0.0,1.736
2232,0,4,1,0,15.0,3.065,0.0,1.786
2294,0,4,1,1,7.5,3.064,0.0,1.835
2356,0,4,1,2,0.0,3.063,0.0,1.885
2418,0,4,1,3,-7.5,3.062,0.0,1.934
2480,0,5,0,0,-15.0,3.061,0.0,1.984
2542,0,5,0,1,-7.5,3.06,0.0,2.034
2604,0,5,0,2,0.0,3.06,0.0,2.083
2666,0,5,0,3,7.5,3.06,0.0,2.133
2728,0,5,1,0,15.0,3.06,0.0,2.182
2790,0,5,1,1,7.5,3.061,0.0,2.232
2852,0,5,1,2,0.0,3.061,0.0,2.282
2914,0,5,1,3,-7.5,3.062,0.0,2.331
2976,0,6,0,0,-15.0,3.063,0.0,2.381
3038,0,6,0,1,-7.5,3.064,0.0,2.43
3100,0,6,0,2,0.0,3.066,0.0,2.48
3162,0,6,0,3,7.5,3.068,0.0,2.53
3224,0,6,1,0,15.0,3.07,0.0,2.579
3286,0,6,1,1,7.5,3.072,0.0,2.629
3348,0,6,1,2,0.0,3.074,0.0,2.678
3410,0,6,1,3,-7.5,3.077,0.0,2.728
3472,0,7,0,0,-15.0,3.079,0.0,2.778
3534,0,7,0,1,-7.5,3.082,0.0,2.827
3596,0,7,0,2,0.0,3.085,0.0,2.877
3658,0,7,0,3,7.5,3.088,0.0,2.926
3720,0,7,1,0,15.0,3.091,0.0,2.976
3782,0,7,1,1,7.5,3.094,0.0,3.026
3844,0,7,1,2,0.0,3.097,0.0,3.075
3906,0,7,1,3,-7.5,3.101,0.0,3.125
3968,0,8,0,0,-15.0,3.103,0.0,3.174
4030,0,8,0,1,-7.5,3.106,0.0,3.224
4092,0,8,0,2,0.0,3.109,0.0,3.274
4154,0,8,0,3,7.5,3.112,0.0,3.323
4216,0,8,1,0,15.0,3.114,0.0,3.373
4278,0,8,1,1,7.5,3.116,0.0,3.422
4340,0,8,1,2,0.0,3.118,0.0,3.472
4402,0,8,1,3,-7.5,3.12,0.0,3.522
4464,0,9,0,0,-15.0,3.122,0.0,3.571
4526,0,9,0,1,-7.5,3.123,0.0,3.621
4588,0,9,0,2,0.0,3.123,0.0,3.67
4650,0,9,0,3,7.5,3.124,0.0,3.72
4712,0,9,1,0,15.0,3.124,0.0,3.77
4774,0,9,1,1,7.5,3.124,0.0,3.819
4836,0,9,1,2,0.0,3.123,0.0,3.869
4898,0,9,1,3,-7.5,3.123,0.0,3.918
4960,0,10,0,0,-15.0,3.121,0.0,3.968
5022,0,10,0,1,-7.5,3.12,0.0,4.018
5084,0,10,0,2,0.0,3.118,0.0,4.067
5146,0,10,0,3,7.5,3.115,0.0,4.117
5208,0,10,1,0,15.0,3.113,0.0,4.166
5270,0,10,1,1,7.5,3.11,0.0,4.216
5332,0,10,1,2,0.0,3.107,0.0,4.266
5394,0,10,1,3,-7.5,3.103,0.0,4.315
5456,0,11,0,0,-15.0,3.099,0.0,4.365
5518,0,11,0,1,-7.5,3.095,0.0,4.414
5580,0,11,0,2,0.0,3.091,0.0,4.464
5642,0,11,0,3,7.5,3.087,0.0,4.514
5704,0,11,1,0,15.0,3.082,0.0,4.563
5766,0,11,1,1,7.5,3.078,0.0,4.613
5828,0,11,1,2,0.0,3.073,0.0,4.662
5890,0,11,1,3,-7.5,3.068,0.0,4.712
5952,0,12,0,0,-15.0,3.064,0.0,4.762
6014,0,12,0,1,-7.5,3.059,0.0,4.811
6076,0,12,0,2,0.0,3.054,0.0,4.861
6138,0,12,0,3,7.5,3.05,0.0,4.91
6200,0,12,1,0,15.0,3.045,0.0,4.96
6262,0,12,1,1,7.5,3.041,0.0,5.01
6324,0,12,1,2,0.0,3.036,0.0,5.059
6386,0,12,1,3,-7.5,3.032,0.0,5.109
6448,0,13,0,0,-15.0,3.028,0.0,5.158
6510,0,13,0,1,-7.5,3.025,0.0,5.208
6572,0,13,0,2,0.0,3.021,0.0,5.258
6634,0,13,0,3,7.5,3.018,0.0,5.307
6696,0,13,1,0,15.0,3.015,0.0,5.357
6758,0,13,1,1,7.5,3.013,0.0,5.406
6820,0,13,1,2,0.0,3.01,0.0,5.456
6882,0,13,1,3,-7.5,3.008,0.0,5.506
6944,0,14,0,0,-15.0,3.006,0.0,5.555
7006,0,14,0,1,-7.5,3.005,0.0,5.605
7068,0,14,0,2,0.0,3.003,0.0,5.654
7130,0,14,0,3,7.5,3.002,0.0,5.704
7192,0,14,1,0,15.0,3.001,0.0,5.754
7254,0,14,1,1,7.5,3.001,0.0,5.803
7316,0,14,1,2,0.0,3.001,0.0,5.853
7378,0,14,1,3,-7.5,3.0,0.0,5.902
7440,0,15,0,0,-15.0,3.0,0.0,5.952
7502,0,15,0,1,-7.5,3.001,0.0,6.002
7564,0,15,0,2,0.0,3.001,0.0,6.051
7626,0,15,0,3,7.5,3.001,0.0,6.101
7688,0,15,1,0,15.0,3.002,0.0,6.15
7750,0,15,1,1,7.5,3.002,0.0,6.2
7812,0,15,1,2,0.0,3.003,0.0,6.25
7874,0,15,1,3,-7.5,3.003,0.0,6.299
7936,0,16,0,0,-15.0,3.004,0.0,6.349
7998,0,16,0,1,-7.5,3.004,0.0,6.398
8060,0,16,0,2,0.0,3.004,0.0,6.448
8122,0,16,0,3,7.5,3.005,0.0,6.498
8184,0,16,1,0,15.0,3.005,0.0,6.547
8246,0,16,1,1,7.5,3.004,0.0,6.597
8308,0,16,1,2,0.0,3.004,0.0,6.646
8370,0,16,1,3,-7.5,3.004,0.0,6.696
8432,0,17,0,0,-15.0,3.003,0.0,6.746
8494,0,17,0,1,-7.5,3.002,0.0,6.795
8556,0,17,0,2,0.0,3.001,0.0,6.845
8618,0,17,0,3,7.5,2.999,0.0,6.894
8680,0,17,1,0,15.0,2.997,0.0,6.944
8742,0,17,1,1,7.5,2.995,0.0,6.994
8804,0,17,1,2,0.0,2.993,0.0,7.043
8866,0,17,1,3,-7.5,2.99,0.0,7.093
8928,0,18,0,0,-15.0,2.987,0.0,7.142
8990,0,18,0,1,-7.5,2.984,0.0,7.192
9052,0,18,0,2,0.0,2.981,0.0,7.242
9114,0,18,0,3,7.5,2.977,0.0,7.291
9176,0,18,1,0,15.0,2.973,0.0,7.341
9238,0,18,1,1,7.5,2.969,0.0,7.39
9300,0,18,1,2,0.0,2.965,0.0,7.44
9362,0,18,1,3,-7.5,2.96,0.0,7.49
9424,0,19,0,0,-15.0,2.956,0.0,7.539
9486,0,19,0,1,-7.5,2.951,0.0,7.589
9548,0,19,0,2,0.0,2.946,0.0,7.638
9610,0,19,0,3,7.5,2.942,0.0,7.688
9672,0,19,1,0,15.0,2.937,0.0,7.738
9734,0,19,1,1,7.5,2.932,0.0,7.787
9796,0,19,1,2,0.0,2.927,0.0,7.837
9858,0,19,1,3,-7.5,2.922,0.0,7.886
9920,0,20,0,0,-15.0,2.918,0.0,7.936
9982,0,20,0,1,-7.5,2.913,0.0,7.986
10044,0,20,0,2,0.0,2.909,0.0,8.035
10106,0,20,0,3,7.5,2.905,0.0,8.085
10168,0,20,1,0,15.0,2.901,0.0,8.134
10230,0,20,1,1,7.5,2.897,0.0,8.184
10292,0,20,1,2,0.0,2.894,0.0,8.234
10354,0,20,1,3,-7.5,2.891,0.0,8.283
10416,0,21,0,0,-15.0,2.888,0.0,8.333
10478,0,21,0,1,-7.5,2.885,0.0,8.382
10540,0,21,0,2,0.0,2.883,0.0,8.432
10602,0,21,0,3,7.5,2.881,0.0,8.482
10664,0,21,1,0,15.0,2.88,0.0,8.531
10726,0,21,1,1,7.5,2.879,0.0,8.581
10788,0,21,1,2,0.0,2.878,0.0,8.63
10850,0,21,1,3,-7.5,2.878,0.0,8.68
10912,0,22,0,0,-15.0,2.878,0.0,8.73
10974,0,22,0,1,-7.5,2.878,0.0,8.779
11036,0,22,0,2,0.0,2.878,0.0,8.829
11098,0,22,0,3,7.5,2.879,0.0,8.878
11160,0,22,1,0,15.0,2.881,0.0,8.928
11222,0,22,1,1,7.5,2.882,0.0,8.978
11284,0,22,1,2,0.0,2.884,0.0,9.027
11346,0,22,1,3,-7.5,2.886,0.0,9.077
11408,0,23,0,0,-15.0,2.888,0.0,9.126
11470,0,23,0,1,-7.5,2.89,0.0,9.176
11532,0,23,0,2,0.0,2.893,0.0,9.226
11594,0,23,0,3,7.5,2.896,0.0,9.275
11656,0,23,1,0,15.0,2.899,0.0,9.325
11718,0,23,1,1,7.5,2.902,0.0,9.374
11780,0,23,1,2,0.0,2.904,0.0,9.424
11842,0,23,1,3,-7.5,2.907,0.0,9.474
11904,0,24,0,0,-15.0,2.91,0.0,9.523
11966,0,24,0,1,-7.5,2.913,0.0,9.573
12028,0,24,0,2,0.0,2.916,0.0,9.622
12090,0,24,0,3,7.5,2.919,0.0,9.672
12152,0,24,1,0,15.0,2.922,0.0,9.722
12214,0,24,1,1,7.5,2.924,0.0,9.771
12276,0,24,1,2,0.0,2.926,0.0,9.821
12338,0,24,1,3,-7.5,2.929,0.0,9.87
12400,0,25,0,0,-15.0,2.93,0.0,9.92
12462,0,25,0,1,-7.5,2.932,0.0,9.97
12524,0,25,0,2,0.0,2.934,0.0,10.019
12586,0,25,0,3,7.5,2.935,0.0,10.069
12648,0,25,1,0,15.0,2.936,0.0,10.118
12710,0,25,1,1,7.5,2.937,0.0,10.168
12772,0,25,1,2,0.0,2.937,0.0,10.218
12834,0,25,1,3,-7.5,2.938,0.0,10.267
12896,0,26,0,0,-15.0,2.938,0.0,10.317
12958,0,26,0,1,-7.5,2.937,0.0,10.366
13020,0,26,0,2,0.0,2.937,0.0,10.416
13082,0,26,0,3,7.5,2.937,0.0,10.466
13144,0,26,1,0,15.0,2.936,0.0,10.515
13206,0,26,1,1,7.5,2.935,0.0,10.565
13268,0,26,1,2,0.0,2.934,0.0,10.614
13330,0,26,1,3,-7.5,2.933,0.0,10.664
13392,0,27,0,0,-15.0,2.931,0.0,10.714
13454,0,27,0,1,-7.5,2.93,0.0,10.763
13516,0,27,0,2,0.0,2.929,0.0,10.813
13578,0,27,0,3,7.5,2.927,0.0,10.862
13640,0,27,1,0,15.0,2.926,0.0,10.912
13702,0,27,1,1,7.5,2.925,0.0,10.962
13764,0,27,1,2,0.0,2.924,0.0,11.011
13826,0,27,1,3,-7.5,2.923,0.0,11.061
13888,0,28,0,0,-15.0,2.922,0.0,11.11
13950,0,28,0,1,-7.5,2.921,0.0,11.16
14012,0,28,0,2,0.0,2.92,0.0,11.21
14074,0,28,0,3,7.5,2.92,0.0,11.259
14136,0,28,1,0,15.0,2.919,0.0,11.309
14198,0,28,1,1,7.5,2.92,0.0,11.358
14260,0,28,1,2,0.0,2.92,0.0,11.408
14322,0,28,1,3,-7.5,2.921,0.0,11.458
14384,0,29,0,0,-15.0,2.921,0.0,11.507
14446,0,29,0,1,-7.5,2.923,0.0,11.557
14508,0,29,0,2,0.0,2.924,0.0,11.606
14570,0,29,0,3,7.5,2.926,0.0,11.656
14632,0,29,1,0,15.0,2.928,0.0,11.706
14694,0,29,1,1,7.5,2.931,0.0,11.755
14756,0,29,1,2,0.0,2.934,0.0,11.805
14818,0,29,1,3,-7.5,2.937,0.0,11.854
14880,0,30,0,0,-15.0,2.94,0.0,11.904
14942,0,30,0,1,-7.5,2.944,0.0,11.954
15004,0,30,0,2,0.0,2.948,0.0,12.003
15066,0,30,0,3,7.5,2.952,0.0,12.053
15128,0,30,1,0,15.0,2.957,0.0,12.102
15190,0,30,1,1,7.5,2.962,0.0,12.152
15252,0,30,1,2,0.0,2.967,0.0,12.202
15314,0,30,1,3,-7.5,2.972,0.0,12.251
15376,0,31,0,0,-15.0,2.977,0.0,12.301
15438,0,31,0,1,-7.5,2.982,0.0,12.35
15500,0,31,0,2,0.0,2.988,0.0,12.4
15562,0,31,0,3,7.5,2.993,0.0,12.45
15624,0,31,1,0,15.0,2.999,0.0,12.499
15686,0,31,1,1,7.5,3.004,0.0,12.549
15748,0,31,1,2,0.0,3.01,0.0,12.598
15810,0,31,1,3,-7.5,3.015,0.0,12.648
15872,0,32,0,0,-15.0,3.02,0.0,12.698
15934,0,32,0,1,-7.5,3.025,0.0,12.747
15996,0,32,0,2,0.0,3.03,0.0,12.797
16058,0,32,0,3,7.5,3.035,0.0,12.846
16120,0,32,1,0,15.0,3.039,0.0,12.896
16182,0,32,1,1,7.5,3.044,0.0,12.946
16244,0,32,1,2,0.0,3.048,0.0,12.995
16306,0,32,1,3,-7.5,3.051,0.0,13.045
16368,0,33,0,0,-15.0,3.055,0.0,13.094
16430,0,33,0,1,-7.5,3.058,0.0,13.144
16492,0,33,0,2,0.0,3.061,0.0,13.194
16554,0,33,0,3,7.5,3.063,0.0,13.243
16616,0,33,1,0,15.0,3.065,0.0,13.293
16678,0,33,1,1,7.5,3.067,0.0,13.342
16740,0,33,1,2,0.0,3.069,0.0,13.392
16802,0,33,1,3,-7.5,3.07,0.0,13.442
16864,0,34,0,0,-15.0,3.071,0.0,13.491
16926,0,34,0,1,-7.5,3.072,0.0,13.541
16988,0,34,0,2,0.0,3.072,0.0,13.59
17050,0,34,0,3,7.5,3.072,0.0,13.64
17112,0,34,1,0,15.0,3.072,0.0,13.69
17174,0,34,1,1,7.5,3.072,0.0,13.739
17236,0,34,1,2,0.0,3.071,0.0,13.789
17298,0,34,1,3,-7.5,3.07,0.0,13.838
17360,0,35,0,0,-15.0,3.07,0.0,13.888
17422,0,35,0,1,-7.5,3.069,0.0,13.938
17484,0,35,0,2,0.0,3.067,0.0,13.987
17546,0,35,0,3,7.5,3.066,0.0,14.037
17608,0,35,1,0,15.0,3.065,0.0,14.086
17670,0,35,1,1,7.5,3.064,0.0,14.136
17732,0,35,1,2,0.0,3.063,0.0,14.186
17794,0,35,1,3,-7.5,3.062,0.0,14.235
17856,0,36,0,0,-15.0,3.061,0.0,14.285
17918,0,36,0,1,-7.5,3.06,0.0,14.334
17980,0,36,0,2,0.0,3.059,0.0,14.384
18042,0,36,0,3,7.5,3.058,0.0,14.434
18104,0,36,1,0,15.0,3.058,0.0,14.483
18166,0,36,1,1,7.5,3.058,0.0,14.533
18228,0,36,1,2,0.0,3.058,0.0,14.582
18290,0,36,1,3,-7.5,3.058,0.0,14.632
18352,0,37,0,0,-15.0,3.058,0.0,14.682
18414,0,37,0,1,-7.5,3.059,0.0,14.731
18476,0,37,0,2,0.0,3.059,0.0,14.781
18538,0,37,0,3,7.5,3.061,0.0,14.83
18600,0,37,1,0,15.0,3.062,0.0,14.88
18662,0,37,1,1,7.5,3.063,0.0,14.93
18724,0,37,1,2,0.0,3.065,0.0,14.979
18786,0,37,1,3,-7.5,3.067,0.0,15.029
18848,0,38,0,0,-15.0,3.07,0.0,15.078
18910,0,38,0,1,-7.5,3.072,0.0,15.128
18972,0,38,0,2,0.0,3.075,0.0,15.178
19034,0,38,0,3,7.5,3.077,0.0,15.227
19096,0,38,1,0,15.0,3.08,0.0,15.277
19158,0,38,1,1,7.5,3.083,0.0,15.326
19220,0,38,1,2,0.0,3.087,0.0,15.376
19282,0,38,1,3,-7.5,3.09,0.0,15.426
19344,0,39,0,0,-15.0,3.093,0.0,15.475
19406,0,39,0,1,-7.5,3.096,0.0,15.525
19468,0,39,0,2,0.0,3.099,0.0,15.574
19530,0,39,0,3,7.5,3.102,0.0,15.624
19592,0,39,1,0,15.0,3.105,0.0,15.674
19654,0,39,1,1,7.5,3.108,0.0,15.723
19716,0,39,1,2,0.0,3.111,0.0,15.773
19778,0,39,1,3,-7.5,3.114,0.0,15.822
19840,0,40,0,0,-15.0,3.116,0.0,15.872
19902,0,40,0,1,-7.5,3.118,0.0,15.922
19964,0,40,0,2,0.0,3.12,0.0,15.971
20026,0,40,0,3,7.5,3.122,0.0,16.021
20088,0,40,1,0,15.0,3.123,0.0,16.07
20150,0,40,1,1,7.5,3.124,0.0,16.12
20212,0,40,1,2,0.0,3.125,0.0,16.17
20274,0,40,1,3,-7.5,3.126,0.0,16.219
20336,0,41,0,0,-15.0,3.126,0.0,16.269
20398,0,41,0,1,-7.5,3.125,0.0,16.318
20460,0,41,0,2,0.0,3.125,0.0,16.368
20522,0,41,0,3,7.5,3.124,0.0,16.418
20584,0,41,1,0,15.0,3.122,0.0,16.467
20646,0,41,1,1,7.5,3.12,0.0,16.517
20708,0,41,1,2,0.0,3.118,0.0,16.566
20770,0,41,1,3,-7.5,3.116,0.0,16.616
20832,0,42,0,0,-15.0,3.113,0.0,16.666
20894,0,42,0,1,-7.5,3.11,0.0,16.715
20956,0,42,0,2,0.0,3.107,0.0,16.765
21018,0,42,0,3,7.5,3.103,0.0,16.814
21080,0,42,1,0,15.0,3.1,0.0,16.864
21142,0,42,1,1,7.5,3.096,0.0,16.914
21204,0,42,1,2,0.0,3.091,0.0,16.963
21266,0,42,1,3,-7.5,3.087,0.0,17.013
21328,0,43,0,0,-15.0,3.083,0.0,17.062
21390,0,43,0,1,-7.5,3.078,0.0,17.112
21452,0,43,0,2,0.0,3.073,0.0,17.162
21514,0,43,0,3,7.5,3.069,0.0,17.211
21576,0,43,1,0,15.0,3.064,0.0,17.261
21638,0,43,1,1,7.5,3.06,0.0,17.31
21700,0,43,1,2,0.0,3.055,0.0,17.36
21762,0,43,1,3,-7.5,3.05,0.0,17.41
21824,0,44,0,0,-15.0,3.046,0.0,17.459
21886,0,44,0,1,-7.5,3.042,0.0,17.509
21948,0,44,0,2,0.0,3.038,0.0,17.558
22010,0,44,0,3,7.5,3.034,0.0,17.608
22072,0,44,1,0,15.0,3.03,0.0,17.658
22134,0,44,1,1,7.5,3.027,0.0,17.707
22196,0,44,1,2,0.0,3.024,0.0,17.757
22258,0,44,1,3,-7.5,3.021,0.0,17.806
22320,0,45,0,0,-15.0,3.018,0.0,17.856
22382,0,45,0,1,-7.5,3.015,0.0,17.906
22444,0,45,0,2,0.0,3.013,0.0,17.955
22506,0,45,0,3,7.5,3.011,0.0,18.005
22568,0,45,1,0,15.0,3.01,0.0,18.054
22630,0,45,1,1,7.5,3.008,0.0,18.104
22692,0,45,1,2,0.0,3.007,0.0,18.154
22754,0,45,1,3,-7.5,3.007,0.0,18.203
22816,0,46,0,0,-15.0,3.006,0.0,18.253
22878,0,46,0,1,-7.5,3.006,0.0,18.302
22940,0,46,0,2,0.0,3.005,0.0,18.352
23002,0,46,0,3,7.5,3.005,0.0,18.402
23064,0,46,1,0,15.0,3.005,0.0,18.451
23126,0,46,1,1,7.5,3.006,0.0,18.501
23188,0,46,1,2,0.0,3.006,0.0,18.55
23250,0,46,1,3,-7.5,3.007,0.0,18.6
23312,0,47,0,0,-15.0,3.007,0.0,18.65
23374,0,47,0,1,-7.5,3.008,0.0,18.699
23436,0,47,0,2,0.0,3.008,0.0,18.749
23498,0,47,0,3,7.5,3.009,0.0,18.798
23560,0,47,1,0,15.0,3.009,0.0,18.848
23622,0,47,1,1,7.5,3.009,0.0,18.898
23684,0,47,1,2,0.0,3.01,0.0,18.947
23746,0,47,1,3,-7.5,3.01,0.0,18.997
23808,0,48,0,0,-15.0,3.01,0.0,19.046
23870,0,48,0,1,-7.5,3.009,0.0,19.096
23932,0,48,0,2,0.0,3.009,0.0,19.146
23994,0,48,0,3,7.5,3.008,0.0,19.195
24056,0,48,1,0,15.0,3.007,0.0,19.245
24118,0,48,1,1,7.5,3.006,0.0,19.294
24180,0,48,1,2,0.0,3.004,0.0,19.344
24242,0,48,1,3,-7.5,3.003,0.0,19.394
24304,0,49,0,0,-15.0,3.001,0.0,19.443
24366,0,49,0,1,-7.5,2.998,0.0,19.493
24428,0,49,0,2,0.0,2.996,0.0,19.542
24490,0,49,0,3,7.5,2.993,0.0,19.592
24552,0,49,1,0,15.0,2.99,0.0,19.642
24614,0,49,1,1,7.5,2.986,0.0,19.691
24676,0,49,1,2,0.0,2.983,0.0,19.741
24738,0,49,1,3,-7.5,2.979,0.0,19.79
24800,0,50,0,0,-15.0,2.975,0.0,19.84
24862,0,50,0,1,-7.5,2.971,0.0,19.89
24924,0,50,0,2,0.0,2.966,0.0,19.939
24986,0,50,0,3,7.5,2.962,0.0,19.989
25048,0,50,1,0,15.0,2.957,0.0,20.038
25110,0,50,1,1,7.5,2.952,0.0,20.088
25172,0,50,1,2,0.0,2.947,0.0,20.138
25234,0,50,1,3,-7.5,2.942,0.0,20.187
25296,0,51,0,0,-15.0,2.937,0.0,20.237
25358,0,51,0,1,-7.5,2.932,0.0,20.286
25420,0,51,0,2,0.0,2.928,0.0,20.336
25482,0,51,0,3,7.5,2.923,0.0,20.386
25544,0,51,1,0,15.0,2.918,0.0,20.435
25606,0,51,1,1,7.5,2.914,0.0,20.485
25668,0,51,1,2,0.0,2.909,0.0,20.534
25730,0,51,1,3,-7.5,2.905,0.0,20.584
25792,0,52,0,0,-15.0,2.902,0.0,20.634
25854,0,52,0,1,-7.5,2.898,0.0,20.683
25916,0,52,0,2,0.0,2.895,0.0,20.733
25978,0,52,0,3,7.5,2.892,0.0,20.782
26040,0,52,1,0,15.0,2.889,0.0,20.832
26102,0,52,1,1,7.5,2.886,0.0,20.882
26164,0,52,1,2,0.0,2.884,0.0,20.931
26226,0,52,1,3,-7.5,2.883,0.0,20.981
26288,0,53,0,0,-15.0,2.881,0.0,21.03
26350,0,53,0,1,-7.5,2.88,0.0,21.08
26412,0,53,0,2,0.0,2.88,0.0,21.13
26474,0,53,0,3,7.5,2.879,0.0,21.179
26536,0,53,1,0,15.0,2.879,0.0,21.229
26598,0,53,1,1,7.5,2.88,0.0,21.278
26660,0,53,1,2,0.0,2.88,0.0,21.328
26722,0,53,1,3,-7.5,2.882,0.0,21.378
26784,0,54,0,0,-15.0,2.883,0.0,21.427
26846,0,54,0,1,-7.5,2.884,0.0,21.477
26908,0,54,0,2,0.0,2.886,0.0,21.526
26970,0,54,0,3,7.5,2.888,0.0,21.576
27032,0,54,1,0,15.0,2.89,0.0,21.626
27094,0,54,1,1,7.5,2.893,0.0,21.675
27156,0,54,1,2,0.0,2.895,0.0,21.725
27218,0,54,1,3,-7.5,2.898,0.0,21.774
27280,0,55,0,0,-15.0,2.901,0.0,21.824
27342,0,55,0,1,-7.5,2.904,0.0,21.874
27404,0,55,0,2,0.0,2.907,0.0,21.923
27466,0,55,0,3,7.5,2.909,0.0,21.973
27528,0,55,1,0,15.0,2.912,0.0,22.022
27590,0,55,1,1,7.5,2.915,0.0,22.072
27652,0,55,1,2,0.0,2.918,0.0,22.122
27714,0,55,1,3,-7.5,2.92,0.0,22.171
27776,0,56,0,0,-15.0,2.923,0.0,22.221
27838,0,56,0,1,-7.5,2.925,0.0,22.27
27900,0,56,0,2,0.0,2.927,0.0,22.32
27962,0,56,0,3,7.5,2.929,0.0,22.37
28024,0,56,1,0,15.0,2.93,0.0,22.419
28086,0,56,1,1,7.5,2.932,0.0,22.469
28148,0,56,1,2,0.0,2.933,0.0,22.518
28210,0,56,1,3,-7.5,2.934,0.0,22.568
28272,0,57,0,0,-15.0,2.935,0.0,22.618
28334,0,57,0,1,-7.5,2.935,0.0,22.667
28396,0,57,0,2,0.0,2.936,0.0,22.717
28458,0,57,0,3,7.5,2.936,0.0,22.766
28520,0,57,1,0,15.0,2.935,0.0,22.816
28582,0,57,1,1,7.5,2.935,0.0,22.866
28644,0,57,1,2,0.0,2.934,0.0,22.915
28706,0,57,1,3,-7.5,2.934,0.0,22.965
28768,0,58,0,0,-15.0,2.933,0.0,23.014
28830,0,58,0,1,-7.5,2.932,0.0,23.064
28892,0,58,0,2,0.0,2.93,0.0,23.114
28954,0,58,0,3,7.5,2.929,0.0,23.163
29016,0,58,1,0,15.0,2.928,0.0,23.213
29078,0,58,1,1,7.5,2.926,0.0,23.262
29140,0,58,1,2,0.0,2.925,0.0,23.312
29202,0,58,1,3,-7.5,2.923,0.0,23.362
29264,0,59,0,0,-15.0,2.922,0.0,23.411
29326,0,59,0,1,-7.5,2.921,0.0,23.461
29388,0,59,0,2,0.0,2.919,0.0,23.51
29450,0,59,0,3,7.5,2.918,0.0,23.56
29512,0,59,1,0,15.0,2.917,0.0,23.61
29574,0,59,1,1,7.5,2.916,0.0,23.659
29636,0,59,1,2,0.0,2.916,0.0,23.709
29698,0,59,1,3,-7.5,2.916,0.0,23.758
29760,0,60,0,0,-15.0,2.915,0.0,23.808
29822,0,60,0,1,-7.5,2.916,0.0,23.858
29884,0,60,0,2,0.0,2.916,0.0,23.907
29946,0,60,0,3,7.5,2.917,0.0,23.957
30008,0,60,1,0,15.0,2.918,0.0,24.006
30070,0,60,1,1,7.5,2.919,0.0,24.056
30132,0,60,1,2,0.0,2.921,0.0,24.106
30194,0,60,1,3,-7.5,2.923,0.0,24.155
30256,0,61,0,0,-15.0,2.925,0.0,24.205
30318,0,61,0,1,-7.5,2.928,0.0,24.254
30380,0,61,0,2,0.0,2.931,0.0,24.304
30442,0,61,0,3,7.5,2.934,0.0,24.354
30504,0,61,1,0,15.0,2.938,0.0,24.403
30566,0,61,1,1,7.5,2.942,0.0,24.453
30628,0,61,1,2,0.0,2.946,0.0,24.502
30690,0,61,1,3,-7.5,2.951,0.0,24.552
30752,0,62,0,0,-15.0,2.955,0.0,24.602
30814,0,62,0,1,-7.5,2.96,0.0,24.651
30876,0,62,0,2,0.0,2.965,0.0,24.701
30938,0,62,0,3,7.5,2.97,0.0,24.75
31000,0,62,1,0,15.0,2.976,0.0,24.8
31062,0,62,1,1,7.5,2.981,0.0,24.85
31124,0,62,1,2,0.0,2.986,0.0,24.899
31186,0,62,1,3,-7.5,2.992,0.0,24.949
31248,0,63,0,0,-15.0,2.997,0.0,24.998
31310,0,63,0,1,-7.5,3.003,0.0,25.048
31372,0,63,0,2,0.0,3.008,0.0,25.098
31434,0,63,0,3,7.5,3.013,0.0,25.147
31496,0,63,1,0,15.0,3.018,0.0,25.197
31558,0,63,1,1,7.5,3.023,0.0,25.246
31620,0,63,1,2,0.0,3.028,0.0,25.296
31682,0,63,1,3,-7.5,3.033,0.0,25.346
31744,0,64,0,0,-15.0,3.037,0.0,25.395
31806,0,64,0,1,-7.5,3.041,0.0,25.445
31868,0,64,0,2,0.0,3.045,0.0,25.494
31930,0,64,0,3,7.5,3.049,0.0,25.544
31992,0,64,1,0,15.0,3.052,0.0,25.594
32054,0,64,1,1,7.5,3.055,0.0,25.643
32116,0,64,1,2,0.0,3.058,0.0,25.693
32178,0,64,1,3,-7.5,3.06,0.0,25.742
32240,0,65,0,0,-15.0,3.062,0.0,25.792
32302,0,65,0,1,-7.5,3.064,0.0,25.842
32364,0,65,0,2,0.0,3.065,0.0,25.891
32426,0,65,0,3,7.5,3.066,0.0,25.941
32488,0,65,1,0,15.0,3.067,0.0,25.99
32550,0,65,1,1,7.5,3.067,0.0,26.04
32612,0,65,1,2,0.0,3.068,0.0,26.09
32674,0,65,1,3,-7.5,3.068,0.0,26.139
32736,0,66,0,0,-15.0,3.067,0.0,26.189
32798,0,66,0,1,-7.5,3.067,0.0,26.238
32860,0,66,0,2,0.0,3.066,0.0,26.288
32922,0,66,0,3,7.5,3.066,0.0,26.338
32984,0,66,1,0,15.0,3.065,0.0,26.387
33046,0,66,1,1,7.5,3.064,0.0,26.437
33108,0,66,1,2,0.0,3.063,0.0,26.486
33170,0,66,1,3,-7.5,3.062,0.0,26.536
33232,0,67,0,0,-15.0,3.061,0.0,26.586
33294,0,67,0,1,-7.5,3.06,0.0,26.635
33356,0,67,0,2,0.0,3.059,0.0,26.685
33418,0,67,0,3,7.5,3.058,0.0,26.734
33480,0,67,1,0,15.0,3.057,0.0,26.784
33542,0,67,1,1,7.5,3.056,0.0,26.834
33604,0,67,1,2,0.0,3.055,0.0,26.883
33666,0,67,1,3,-7.5,3.055,0.0,26.933
33728,0,68,0,0,-15.0,3.055,0.0,26.982
33790,0,68,0,1,-7.5,3.055,0.0,27.032
33852,0,68,0,2,0.0,3.055,0.0,27.082
33914,0,68,0,3,7.5,3.055,0.0,27.131
33976,0,68,1,0,15.0,3.056,0.0,27.181
34038,0,68,1,1,7.5,3.057,0.0,27.23
34100,0,68,1,2,0.0,3.058,0.0,27.28
34162,0,68,1,3,-7.5,3.059,0.0,27.33
34224,0,69,0,0,-15.0,3.061,0.0,27.379
34286,0,69,0,1,-7.5,3.063,0.0,27.429
34348,0,69,0,2,0.0,3.065,0.0,27.478
34410,0,69,0,3,7.5,3.067,0.0,27.528
34472,0,69,1,0,15.0,3.07,0.0,27.578
34534,0,69,1,1,7.5,3.072,0.0,27.627
34596,0,69,1,2,0.0,3.075,0.0,27.677
34658,0,69,1,3,-7.5,3.078,0.0,27.726
34720,0,70,0,0,-15.0,3.081,0.0,27.776
34782,0,70,0,1,-7.5,3.084,0.0,27.826
34844,0,70,0,2,0.0,3.088,0.0,27.875
34906,0,70,0,3,7.5,3.091,0.0,27.925
34968,0,70,1,0,15.0,3.094,0.0,27.974
35030,0,70,1,1,7.5,3.098,0.0,28.024
35092,0,70,1,2,0.0,3.101,0.0,28.074
35154,0,70,1,3,-7.5,3.104,0.0,28.123
35216,0,71,0,0,-15.0,3.107,0.0,28.173
35278,0,71,0,1,-7.5,3.11,0.0,28.222
35340,0,71,0,2,0.0,3.113,0.0,28.272
35402,0,71,0,3,7.5,3.116,0.0,28.322
35464,0,71,1,0,15.0,3.118,0.0,28.371
35526,0,71,1,1,7.5,3.12,0.0,28.421
35588,0,71,1,2,0.0,3.122,0.0,28.47
35650,0,71,1,3,-7.5,3.124,0.0,28.52
35712,0,72,0,0,-15.0,3.125,0.0,28.57
35774,0,72,0,1,-7.5,3.126,0.0,28.619
35836,0,72,0,2,0.0,3.127,0.0,28.669
35898,0,72,0,3,7.5,3.127,0.0,28.718
35960,0,72,1,0,15.0,3.127,0.0,28.768
36022,0,72,1,1,7.5,3.126,0.0,28.818
36084,0,72,1,2,0.0,3.126,0.0,28.867
36146,0,72,1,3,-7.5,3.124,0.0,28.917
36208,0,73,0,0,-15.0,3.123,0.0,28.966
36270,0,73,0,1,-7.5,3.121,0.0,29.016
36332,0,73,0,2,0.0,3.119,0.0,29.066
36394,0,73,0,3,7.5,3.116,0.0,29.115
36456,0,73,1,0,15.0,3.114,0.0,29.165
36518,0,73,1,1,7.5,3.11,0.0,29.214
36580,0,73,1,2,0.0,3.107,0.0,29.264
36642,0,73,1,3,-7.5,3.103,0.0,29.314
36704,0,74,0,0,-15.0,3.1,0.0,29.363
36766,0,74,0,1,-7.5,3.096,0.0,29.413
36828,0,74,0,2,0.0,3.091,0.0,29.462
36890,0,74,0,3,7.5,3.087,0.0,29.512
36952,0,74,1,0,15.0,3.083,0.0,29.562
37014,0,74,1,1,7.5,3.078,0.0,29.611
37076,0,74,1,2,0.0,3.074,0.0,29.661
37138,0,74,1,3,-7.5,3.069,0.0,29.71
37200,0,75,0,0,-15.0,3.065,0.0,29.76
37262,0,75,0,1,-7.5,3.06,0.0,29.81
37324,0,75,0,2,0.0,3.056,0.0,29.859
37386,0,75,0,3,7.5,3.051,0.0,29.909
37448,0,75,1,0,15.0,3.047,0.0,29.958
37510,0,75,1,1,7.5,3.043,0.0,30.008
37572,0,75,1,2,0.0,3.039,0.0,30.058
37634,0,75,1,3,-7.5,3.035,0.0,30.107
37696,0,76,0,0,-15.0,3.032,0.0,30.157
37758,0,76,0,1,-7.5,3.029,0.0,30.206
37820,0,76,0,2,0.0,3.026,0.0,30.256
37882,0,76,0,3,7.5,3.023,0.0,30.306
37944,0,76,1,0,15.0,3.021,0.0,30.355
38006,0,76,1,1,7.5,3.018,0.0,30.405
38068,0,76,1,2,0.0,3.017,0.0,30.454
38130,0,76,1,3,-7.5,3.015,0.0,30.504
38192,0,77,0,0,-15.0,3.013,0.0,30.554
38254,0,77,0,1,-7.5,3.012,0.0,30.603
38316,0,77,0,2,0.0,3.011,0.0,30.653
38378,0,77,0,3,7.5,3.011,0.0,30.702
38440,0,77,1,0,15.0,3.01,0.0,30.752
38502,0,77,1,1,7.5,3.01,0.0,30.802
38564,0,77,1,2,0.0,3.01,0.0,30.851
38626,0,77,1,3,-7.5,3.01,0.0,30.901
38688,0,78,0,0,-15.0,3.011,0.0,30.95
38750,0,78,0,1,-7.5,3.011,0.0,31.0
38812,0,78,0,2,0.0,3.011,0.0,31.05
38874,0,78,0,3,7.5,3.012,0.0,31.099
38936,0,78,1,0,15.0,3.012,0.0,31.149
38998,0,78,1,1,7.5,3.013,0.0,31.198
39060,0,78,1,2,0.0,3.013,0.0,31.248
39122,0,78,1,3,-7.5,3.014,0.0,31.298
39184,0,79,0,0,-15.0,3.014,0.0,31.347
39246,0,79,0,1,-7.5,3.014,0.0,31.397
39308,0,79,0,2,0.0,3.015,0.0,31.446
39370,0,79,0,3,7.5,3.015,0.0,31.496
39432,0,79,1,0,15.0,3.014,0.0,31.546
39494,0,79,1,1,7.5,3.014,0.0,31.595
39556,0,79,1,2,0.0,3.013,0.0,31.645
39618,0,79,1,3,-7.5,3.012,0.0,31.694
39680,0,80,0,0,-15.0,3.011,0.0,31.744
39742,0,80,0,1,-7.5,3.01,0.0,31.794
39804,0,80,0,2,0.0,3.008,0.0,31.843
39866,0,80,0,3,7.5,3.006,0.0,31.893
39928,0,80,1,0,15.0,3.004,0.0,31.942
39990,0,80,1,1,7.5,3.001,0.0,31.992
40052,0,80,1,2,0.0,2.999,0.0,32.042
40114,0,80,1,3,-7.5,2.996,0.0,32.091
40176,0,81,0,0,-15.0,2.992,0.0,32.141
40238,0,81,0,1,-7.5,2.989,0.0,32.19
40300,0,81,0,2,0.0,2.985,0.0,32.24
40362,0,81,0,3,7.5,2.981,0.0,32.29
40424,0,81,1,0,15.0,2.976,0.0,32.339
40486,0,81,1,1,7.5,2.972,0.0,32.389
40548,0,81,1,2,0.0,2.967,0.0,32.438
40610,0,81,1,3,-7.5,2.963,0.0,32.488
40672,0,82,0,0,-15.0,2.958,0.0,32.538
40734,0,82,0,1,-7.5,2.953,0.0,32.587
40796,0,82,0,2,0.0,2.948,0.0,32.637
40858,0,82,0,3,7.5,2.943,0.0,32.686
40920,0,82,1,0,15.0,2.938,0.0,32.736
40982,0,82,1,1,7.5,2.933,0.0,32.786
41044,0,82,1,2,0.0,2.928,0.0,32.835
41106,0,82,1,3,-7.5,2.923,0.0,32.885
41168,0,83,0,0,-15.0,2.919,0.0,32.934
41230,0,83,0,1,-7.5,2.914,0.0,32.984
41292,0,83,0,2,0.0,2.91,0.0,33.034
41354,0,83,0,3,7.5,2.906,0.0,33.083
41416,0,83,1,0,15.0,2.902,0.0,33.133
41478,0,83,1,1,7.5,2.899,0.0,33.182
41540,0,83,1,2,0.0,2.896,0.0,33.232
41602,0,83,1,3,-7.5,2.893,0.0,33.282
41664,0,84,0,0,-15.0,2.89,0.0,33.331
41726,0,84,0,1,-7.5,2.888,0.0,33.381
41788,0,84,0,2,0.0,2.886,0.0,33.43
41850,0,84,0,3,7.5,2.884,0.0,33.48
41912,0,84,1,0,15.0,2.883,0.0,33.53
41974,0,84,1,1,7.5,2.882,0.0,33.579
42036,0,84,1,2,0.0,2.882,0.0,33.629
42098,0,84,1,3,-7.5,2.881,0.0,33.678
42160,0,85,0,0,-15.0,2.882,0.0,33.728
42222,0,85,0,1,-7.5,2.882,0.0,33.778
42284,0,85,0,2,0.0,2.883,0.0,33.827
42346,0,85,0,3,7.5,2.884,0.0,33.877
42408,0,85,1,0,15.0,2.885,0.0,33.926
42470,0,85,1,1,7.5,2.887,0.0,33.976
42532,0,85,1,2,0.0,2.889,0.0,34.026
42594,0,85,1,3,-7.5,2.891,0.0,34.075
42656,0,86,0,0,-15.0,2.893,0.0,34.125
42718,0,86,0,1,-7.5,2.895,0.0,34.174
42780,0,86,0,2,0.0,2.898,0.0,34.224
42842,0,86,0,3,7.5,2.901,0.0,34.274
42904,0,86,1,0,15.0,2.903,0.0,34.323
42966,0,86,1,1,7.5,2.906,0.0,34.373
43028,0,86,1,2,0.0,2.909,0.0,34.422
43090,0,86,1,3,-7.5,2.911,0.0,34.472
43152,0,87,0,0,-15.0,2.914,0.0,34.522
43214,0,87,0,1,-7.5,2.917,0.0,34.571
43276,0,87,0,2,0.0,2.919,0.0,34.621
43338,0,87,0,3,7.5,2.921,0.0,34.67
43400,0,87,1,0,15.0,2.924,0.0,34.72
43462,0,87,1,1,7.5,2.926,0.0,34.77
43524,0,87,1,2,0.0,2.927,0.0,34.819
43586,0,87,1,3,-7.5,2.929,0.0,34.869
43648,0,88,0,0,-15.0,2.93,0.0,34.918
43710,0,88,0,1,-7.5,2.932,0.0,34.968
43772,0,88,0,2,0.0,2.933,0.0,35.018
43834,0,88,0,3,7.5,2.933,0.0,35.067
43896,0,88,1,0,15.0,2.934,0.0,35.117
43958,0,88,1,1,7.5,2.934,0.0,35.166
44020,0,88,1,2,0.0,2.934,0.0,35.216
44082,0,88,1,3,-7.5,2.934,0.0,35.266
44144,0,89,0,0,-15.0,2.933,0.0,35.315
44206,0,89,0,1,-7.5,2.933,0.0,35.365
44268,0,89,0,2,0.0,2.932,0.0,35.414
44330,0,89,0,3,7.5,2.931,0.0,35.464
44392,0,89,1,0,15.0,2.93,0.0,35.514
44454,0,89,1,1,7.5,2.928,0.0,35.563
44516,0,89,1,2,0.0,2.927,0.0,35.613
44578,0,89,1,3,-7.5,2.925,0.0,35.662
44640,0,90,0,0,-15.0,2.924,0.0,35.712
44702,0,90,0,1,-7.5,2.922,0.0,35.762
44764,0,90,0,2,0.0,2.921,0.0,35.811
44826,0,90,0,3,7.5,2.919,0.0,35.861
44888,0,90,1,0,15.0,2.918,0.0,35.91
44950,0,90,1,1,7.5,2.916,0.0,35.96
45012,0,90,1,2,0.0,2.915,0.0,36.01
45074,0,90,1,3,-7.5,2.914,0.0,36.059
45136,0,91,0,0,-15.0,2.913,0.0,36.109
45198,0,91,0,1,-7.5,2.912,0.0,36.158
45260,0,91,0,2,0.0,2.912,0.0,36.208
45322,0,91,0,3,7.5,2.912,0.0,36.258
45384,0,91,1,0,15.0,2.912,0.0,36.307
45446,0,91,1,1,7.5,2.912,0.0,36.357
45508,0,91,1,2,0.0,2.912,0.0,36.406
45570,0,91,1,3,-7.5,2.913,0.0,36.456
45632,0,92,0,0,-15.0,2.915,0.0,36.506
45694,0,92,0,1,-7.5,2.916,0.0,36.555
45756,0,92,0,2,0.0,2.918,0.0,36.605
45818,0,92,0,3,7.5,2.92,0.0,36.654
45880,0,92,1,0,15.0,2.923,0.0,36.704
45942,0,92,1,1,7.5,2.926,0.0,36.754
46004,0,92,1,2,0.0,2.929,0.0,36.803
46066,0,92,1,3,-7.5,2.932,0.0,36.853
46128,0,93,0,0,-15.0,2.936,0.0,36.902
46190,0,93,0,1,-7.5,2.94,0.0,36.952
46252,0,93,0,2,0.0,2.944,0.0,37.002
46314,0,93,0,3,7.5,2.949,0.0,37.051
46376,0,93,1,0,15.0,2.954,0.0,37.101
46438,0,93,1,1,7.5,2.959,0.0,37.15
46500,0,93,1,2,0.0,2.964,0.0,37.2
46562,0,93,1,3,-7.5,2.969,0.0,37.25
46624,0,94,0,0,-15.0,2.974,0.0,37.299
46686,0,94,0,1,-7.5,2.98,0.0,37.349
46748,0,94,0,2,0.0,2.985,0.0,37.398
46810,0,94,0,3,7.5,2.991,0.0,37.448
46872,0,94,1,0,15.0,2.996,0.0,37.498
46934,0,94,1,1,7.5,3.001,0.0,37.547
46996,0,94,1,2,0.0,3.007,0.0,37.597
47058,0,94,1,3,-7.5,3.012,0.0,37.646
47120,0,95,0,0,-15.0,3.017,0.0,37.696
47182,0,95,0,1,-7.5,3.022,0.0,37.746
47244,0,95,0,2,0.0,3.026,0.0,37.795
47306,0,95,0,3,7.5,3.031,0.0,37.845
47368,0,95,1,0,15.0,3.035,0.0,37.894
47430,0,95,1,1,7.5,3.039,0.0,37.944
47492,0,95,1,2,0.0,3.043,0.0,37.994
47554,0,95,1,3,-7.5,3.046,0.0,38.043
47616,0,96,0,0,-15.0,3.049,0.0,38.093
47678,0,96,0,1,-7.5,3.052,0.0,38.142
47740,0,96,0,2,0.0,3.054,0.0,38.192
47802,0,96,0,3,7.5,3.057,0.0,38.242
47864,0,96,1,0,15.0,3.058,0.0,38.291
47926,0,96,1,1,7.5,3.06,0.0,38.341
47988,0,96,1,2,0.0,3.061,0.0,38.39
48050,0,96,1,3,-7.5,3.062,0.0,38.44
48112,0,97,0,0,-15.0,3.063,0.0,38.49
48174,0,97,0,1,-7.5,3.063,0.0,38.539
48236,0,97,0,2,0.0,3.063,0.0,38.589
48298,0,97,0,3,7.5,3.063,0.0,38.638
48360,0,97,1,0,15.0,3.063,0.0,38.688
48422,0,97,1,1,7.5,3.062,0.0,38.738
48484,0,97,1,2,0.0,3.062,0.0,38.787
48546,0,97,1,3,-7.5,3.061,0.0,38.837
48608,0,98,0,0,-15.0,3.06,0.0,38.886
48670,0,98,0,1,-7.5,3.059,0.0,38.936
48732,0,98,0,2,0.0,3.058,0.0,38.986
48794,0,98,0,3,7.5,3.057,0.0,39.035
48856,0,98,1,0,15.0,3.056,0.0,39.085
48918,0,98,1,1,7.5,3.055,0.0,39.134
48980,0,98,1,2,0.0,3.054,0.0,39.184
49042,0,98,1,3,-7.5,3.053,0.0,39.234
49104,0,99,0,0,-15.0,3.053,0.0,39.283
49166,0,99,0,1,-7.5,3.052,0.0,39.333
49228,0,99,0,2,0.0,3.052,0.0,39.382
49290,0,99,0,3,7.5,3.052,0.0,39.432
49352,0,99,1,0,15.0,3.052,0.0,39.482
49414,0,99,1,1,7.5,3.052,0.0,39.531
49476,0,99,1,2,0.0,3.052,0.0,39.581
49538,0,99,1,3,-7.5,3.053,0.0,39.63
49600,0,100,0,0,-15.0,3.054,0.0,39.68
49662,0,100,0,1,-7.5,3.055,0.0,39.73
49724,0,100,0,2,0.0,3.056,0.0,39.779
49786,0,100,0,3,7.5,3.058,0.0,39.829
49848,0,100,1,0,15.0,3.06,0.0,39.878
49910,0,100,1,1,7.5,3.062,0.0,39.928
49972,0,100,1,2,0.0,3.064,0.0,39.978
50034,0,100,1,3,-7.5,3.067,0.0,40.027
50096,0,101,0,0,-15.0,3.07,0.0,40.077
50158,0,101,0,1,-7.5,3.073,0.0,40.126
50220,0,101,0,2,0.0,3.076,0.0,40.176
50282,0,101,0,3,7.5,3.079,0.0,40.226
50344,0,101,1,0,15.0,3.082,0.0,40.275
50406,0,101,1,1,7.5,3.086,0.0,40.325
50468,0,101,1,2,0.0,3.089,0.0,40.374
50530,0,101,1,3,-7.5,3.092,0.0,40.424
50592,0,102,0,0,-15.0,3.096,0.0,40.474
50654,0,102,0,1,-7.5,3.099,0.0,40.523
50716,0,102,0,2,0.0,3.103,0.0,40.573
50778,0,102,0,3,7.5,3.106,0.0,40.622
50840,0,102,1,0,15.0,3.109,0.0,40.672
50902,0,102,1,1,7.5,3.112,0.0,40.722
50964,0,102,1,2,0.0,3.115,0.0,40.771
51026,0,102,1,3,-7.5,3.117,0.0,40.821
51088,0,103,0,0,-15.0,3.12,0.0,40.87
51150,0,103,0,1,-7.5,3.122,0.0,40.92
51212,0,103,0,2,0.0,3.124,0.0,40.97
51274,0,103,0,3,7.5,3.125,0.0,41.019
51336,0,103,1,0,15.0,3.126,0.0,41.069
51398,0,103,1,1,7.5,3.127,0.0,41.118
51460,0,103,1,2,0.0,3.128,0.0,41.168
51522,0,103,1,3,-7.5,3.128,0.0,41.218
51584,0,104,0,0,-15.0,3.128,0.0,41.267
51646,0,104,0,1,-7.5,3.127,0.0,41.317
51708,0,104,0,2,0.0,3.126,0.0,41.366
51770,0,104,0,3,7.5,3.125,0.0,41.416
51832,0,104,1,0,15.0,3.123,0.0,41.466
51894,0,104,1,1,7.5,3.121,0.0,41.515
51956,0,104,1,2,0.0,3.119,0.0,41.565
52018,0,104,1,3,-7.5,3.117,0.0,41.614
52080,0,105,0,0,-15.0,3.114,0.0,41.664
52142,0,105,0,1,-7.5,3.11,0.0,41.714
52204,0,105,0,2,0.0,3.107,0.0,41.763
52266,0,105,0,3,7.5,3.103,0.0,41.813
52328,0,105,1,0,15.0,3.1,0.0,41.862
52390,0,105,1,1,7.5,3.096,0.0,41.912
52452,0,105,1,2,0.0,3.091,0.0,41.962
52514,0,105,1,3,-7.5,3.087,0.0,42.011
52576,0,106,0,0,-15.0,3.083,0.0,42.061
52638,0,106,0,1,-7.5,3.078,0.0,42.11
52700,0,106,0,2,0.0,3.074,0.0,42.16
52762,0,106,0,3,7.5,3.069,0.0,42.21
52824,0,106,1,0,15.0,3.065,0.0,42.259
52886,0,106,1,1,7.5,3.06,0.0,42.309
52948,0,106,1,2,0.0,3.056,0.0,42.358
53010,0,106,1,3,-7.5,3.052,0.0,42.408
53072,0,107,0,0,-15.0,3.048,0.0,42.458
53134,0,107,0,1,-7.5,3.044,0.0,42.507
53196,0,107,0,2,0.0,3.041,0.0,42.557
53258,0,107,0,3,7.5,3.037,0.0,42.606
53320,0,107,1,0,15.0,3.034,0.0,42.656
53382,0,107,1,1,7.5,3.031,0.0,42.706
53444,0,107,1,2,0.0,3.028,0.0,42.755
53506,0,107,1,3,-7.5,3.026,0.0,42.805
53568,0,108,0,0,-15.0,3.023,0.0,42.854
53630,0,108,0,1,-7.5,3.022,0.0,42.904
53692,0,108,0,2,0.0,3.02,0.0,42.954
53754,0,108,0,3,7.5,3.018,0.0,43.003
53816,0,108,1,0,15.0,3.017,0.0,43.053
53878,0,108,1,1,7.5,3.016,0.0,43.102
53940,0,108,1,2,0.0,3.016,0.0,43.152
54002,0,108,1,3,-7.5,3.015,0.0,43.202
54064,0,109,0,0,-15.0,3.015,0.0,43.251
54126,0,109,0,1,-7.5,3.015,0.0,43.301
54188,0,109,0,2,0.0,3.015,0.0,43.35
54250,0,109,0,3,7.5,3.015,0.0,43.4
54312,0,109,1,0,15.0,3.016,0.0,43.45
54374,0,109,1,1,7.5,3.016,0.0,43.499
54436,0,109,1,2,0.0,3.017,0.0,43.549
54498,0,109,1,3,-7.5,3.017,0.0,43.598
54560,0,110,0,0,-15.0,3.018,0.0,43.648
54622,0,110,0,1,-7.5,3.018,0.0,43.698
54684,0,110,0,2,0.0,3.019,0.0,43.747
54746,0,110,0,3,7.5,3.019,0.0,43.797
54808,0,110,1,0,15.0,3.019,0.0,43.846
54870,0,110,1,1,7.5,3.02,0.0,43.896
54932,0,110,1,2,0.0,3.02,0.0,43.946
54994,0,110,1,3,-7.5,3.019,0.0,43.995
55056,0,111,0,0,-15.0,3.019,0.0,44.045
55118,0,111,0,1,-7.5,3.019,0.0,44.094
55180,0,111,0,2,0.0,3.018,0.0,44.144
55242,0,111,0,3,7.5,3.017,0.0,44.194
55304,0,111,1,0,15.0,3.015,0.0,44.243
55366,0,111,1,1,7.5,3.014,0.0,44.293
55428,0,111,1,2,0.0,3.012,0.0,44.342
55490,0,111,1,3,-7.5,3.01,0.0,44.392
55552,0,112,0,0,-15.0,3.007,0.0,44.442
55614,0,112,0,1,-7.5,3.004,0.0,44.491
55676,0,112,0,2,0.0,3.001,0.0,44.541
55738,0,112,0,3,7.5,2.998,0.0,44.59
55800,0,112,1,0,15.0,2.995,0.0,44.64
55862,0,112,1,1,7.5,2.991,0.0,44.69
55924,0,112,1,2,0.0,2.987,0.0,44.739
55986,0,112,1,3,-7.5,2.982,0.0,44.789
56048,0,113,0,0,-15.0,2.978,0.0,44.838
56110,0,113,0,1,-7.5,2.973,0.0,44.888
56172,0,113,0,2,0.0,2.969,0.0,44.938
56234,0,113,0,3,7.5,2.964,0.0,44.987
56296,0,113,1,0,15.0,2.959,0.0,45.037
56358,0,113,1,1,7.5,2.954,0.0,45.086
56420,0,113,1,2,0.0,2.949,0.0,45.136
56482,0,113,1,3,-7.5,2.944,0.0,45.186
56544,0,114,0,0,-15.0,2.939,0.0,45.235
56606,0,114,0,1,-7.5,2.934,0.0,45.285
56668,0,114,0,2,0.0,2.929,0.0,45.334
56730,0,114,0,3,7.5,2.924,0.0,45.384
56792,0,114,1,0,15.0,2.919,0.0,45.434
56854,0,114,1,1,7.5,2.915,0.0,45.483
56916,0,114,1,2,0.0,2.911,0.0,45.533
56978,0,114,1,3,-7.5,2.907,0.0,45.582
57040,0,115,0,0,-15.0,2.903,0.0,45.632
57102,0,115,0,1,-7.5,2.9,0.0,45.682
57164,0,115,0,2,0.0,2.897,0.0,45.731
57226,0,115,0,3,7.5,2.894,0.0,45.781
57288,0,115,1,0,15.0,2.891,0.0,45.83
57350,0,115,1,1,7.5,2.889,0.0,45.88
57412,0,115,1,2,0.0,2.887,0.0,45.93
57474,0,115,1,3,-7.5,2.886,0.0,45.979
57536,0,116,0,0,-15.0,2.885,0.0,46.029
57598,0,116,0,1,-7.5,2.884,0.0,46.078
57660,0,116,0,2,0.0,2.884,0.0,46.128
57722,0,116,0,3,7.5,2.884,0.0,46.178
57784,0,116,1,0,15.0,2.884,0.0,46.227
57846,0,116,1,1,7.5,2.884,0.0,46.277
57908,0,116,1,2,0.0,2.885,0.0,46.326
57970,0,116,1,3,-7.5,2.887,0.0,46.376
58032,0,117,0,0,-15.0,2.888,0.0,46.426
58094,0,117,0,1,-7.5,2.89,0.0,46.475
58156,0,117,0,2,0.0,2.891,0.0,46.525
58218,0,117,0,3,7.5,2.894,0.0,46.574
58280,0,117,1,0,15.0,2.896,0.0,46.624
58342,0,117,1,1,7.5,2.898,0.0,46.674
58404,0,117,1,2,0.0,2.901,0.0,46.723
58466,0,117,1,3,-7.5,2.903,0.0,46.773
58528,0,118,0,0,-15.0,2.906,0.0,46.822
58590,0,118,0,1,-7.5,2.908,0.0,46.872
58652,0,118,0,2,0.0,2.911,0.0,46.922
58714,0,118,0,3,7.5,2.913,0.0,46.971
58776,0,118,1,0,15.0,2.916,0.0,47.021
58838,0,118,1,1,7.5,2.918,0.0,47.07
58900,0,118,1,2,0.0,2.92,0.0,47.12
58962,0,118,1,3,-7.5,2.923,0.0,47.17
59024,0,119,0,0,-15.0,2.925,0.0,47.219
59086,0,119,0,1,-7.5,2.926,0.0,47.269
59148,0,119,0,2,0.0,2.928,0.0,47.318
59210,0,119,0,3,7.5,2.929,0.0,47.368
59272,0,119,1,0,15.0,2.93,0.0,47.418
59334,0,119,1,1,7.5,2.931,0.0,47.467
59396,0,119,1,2,0.0,2.932,0.0,47.517
59458,0,119,1,3,-7.5,2.932,0.0,47.566
59520,0,120,0,0,-15.0,2.933,0.0,47.616
59582,0,120,0,1,-7.5,2.932,0.0,47.666
59644,0,120,0,2,0.0,2.932,0.0,47.715
59706,0,120,0,3,7.5,2.932,0.0,47.765
59768,0,120,1,0,15.0,2.931,0.0,47.814
59830,0,120,1,1,7.5,2.93,0.0,47.864
59892,0,120,1,2,0.0,2.929,0.0,47.914
59954,0,120,1,3,-7.5,2.928,0.0,47.963
60016,0,121,0,0,-15.0,2.926,0.0,48.013
60078,0,121,0,1,-7.5,2.925,0.0,48.062
60140,0,121,0,2,0.0,2.923,0.0,48.112
60202,0,121,0,3,7.5,2.922,0.0,48.162
60264,0,121,1,0,15.0,2.92,0.0,48.211
60326,0,121,1,1,7.5,2.918,0.0,48.261
60388,0,121,1,2,0.0,2.917,0.0,48.31
60450,0,121,1,3,-7.5,2.915,0.0,48.36
60512,0,122,0,0,-15.0,2.914,0.0,48.41
60574,0,122,0,1,-7.5,2.912,0.0,48.459
60636,0,122,0,2,0.0,2.911,0.0,48.509
60698,0,122,0,3,7.5,2.91,0.0,48.558
60760,0,122,1,0,15.0,2.909,0.0,48.608
60822,0,122,1,1,7.5,2.908,0.0,48.658
60884,0,122,1,2,0.0,2.908,0.0,48.707
60946,0,122,1,3,-7.5,2.908,0.0,48.757
61008,0,123,0,0,-15.0,2.908,0.0,48.806
61070,0,123,0,1,-7.5,2.908,0.0,48.856
61132,0,123,0,2,0.0,2.909,0.0,48.906
61194,0,123,0,3,7.5,2.91,0.0,48.955
61256,0,123,1,0,15.0,2.911,0.0,49.005
61318,0,123,1,1,7.5,2.913,0.0,49.054
61380,0,123,1,2,0.0,2.915,0.0,49.104
61442,0,123,1,3,-7.5,2.918,0.0,49.154
61504,0,124,0,0,-15.0,2.92,0.0,49.203
61566,0,124,0,1,-7.5,2.923,0.0,49.253
61628,0,124,0,2,0.0,2.927,0.0,49.302
61690,0,124,0,3,7.5,2.93,0.0,49.352
61752,0,124,1,0,15.0,2.934,0.0,49.402
61814,0,124,1,1,7.5,2.938,0.0,49.451
61876,0,124,1,2,0.0,2.943,0.0,49.501
61938,0,124,1,3,-7.5,2.947,0.0,49.55
62000,0,125,0,0,-15.0,2.952,0.0,49.6
62062,0,125,0,1,-7.5,2.957,0.0,49.65
62124,0,125,0,2,0.0,2.962,0.0,49.699
62186,0,125,0,3,7.5,2.968,0.0,49.749
62248,0,125,1,0,15.0,2.973,0.0,49.798
62310,0,125,1,1,7.5,2.978,0.0,49.848
62372,0,125,1,2,0.0,2.984,0.0,49.898
62434,0,125,1,3,-7.5,2.989,0.0,49.947
62496,0,126,0,0,-15.0,2.995,0.0,49.997
62558,0,126,0,1,-7.5,3.0,0.0,50.046
62620,0,126,0,2,0.0,3.005,0.0,50.096
62682,0,126,0,3,7.5,3.01,0.0,50.146
62744,0,126,1,0,15.0,3.015,0.0,50.195
62806,0,126,1,1,7.5,3.02,0.0,50.245
62868,0,126,1,2,0.0,3.024,0.0,50.294
62930,0,126,1,3,-7.5,3.029,0.0,50.344
62992,0,127,0,0,-15.0,3.033,0.0,50.394
63054,0,127,0,1,-7.5,3.036,0.0,50.443
63116,0,127,0,2,0.0,3.04,0.0,50.493
63178,0,127,0,3,7.5,3.043,0.0,50.542
63240,0,127,1,0,15.0,3.046,0.0,50.592
63302,0,127,1,1,7.5,3.049,0.0,50.642
63364,0,127,1,2,0.0,3.051,0.0,50.691
63426,0,127,1,3,-7.5,3.053,0.0,50.741
63488,0,128,0,0,-15.0,3.055,0.0,50.79
63550,0,128,0,1,-7.5,3.056,0.0,50.84
63612,0,128,0,2,0.0,3.057,0.0,50.89
63674,0,128,0,3,7.5,3.058,0.0,50.939
63736,0,128,1,0,15.0,3.058,0.0,50.989
63798,0,128,1,1,7.5,3.059,0.0,51.038
63860,0,128,1,2,0.0,3.059,0.0,51.088
63922,0,128,1,3,-7.5,3.058,0.0,51.138
63984,0,129,0,0,-15.0,3.058,0.0,51.187
64046,0,129,0,1,-7.5,3.058,0.0,51.237
64108,0,129,0,2,0.0,3.057,0.0,51.286
64170,0,129,0,3,7.5,3.056,0.0,51.336
64232,0,129,1,0,15.0,3.055,0.0,51.386
64294,0,129,1,1,7.5,3.054,0.0,51.435
64356,0,129,1,2,0.0,3.053,0.0,51.485
64418,0,129,1,3,-7.5,3.053,0.0,51.534
64480,0,130,0,0,-15.0,3.052,0.0,51.584
64542,0,130,0,1,-7.5,3.051,0.0,51.634
64604,0,130,0,2,0.0,3.05,0.0,51.683
64666,0,130,0,3,7.5,3.049,0.0,51.733
64728,0,130,1,0,15.0,3.049,0.0,51.782
64790,0,130,1,1,7.5,3.048,0.0,51.832
64852,0,130,1,2,0.0,3.048,0.0,51.882
64914,0,130,1,3,-7.5,3.048,0.0,51.931
64976,0,131,0,0,-15.0,3.049,0.0,51.981
65038,0,131,0,1,-7.5,3.049,0.0,52.03
65100,0,131,0,2,0.0,3.05,0.0,52.08
65162,0,131,0,3,7.5,3.051,0.0,52.13
65224,0,131,1,0,15.0,3.052,0.0,52.179
65286,0,131,1,1,7.5,3.053,0.0,52.229
65348,0,131,1,2,0.0,3.055,0.0,52.278
65410,0,131,1,3,-7.5,3.057,0.0,52.328
65472,0,132,0,0,-15.0,3.059,0.0,52.378
65534,0,132,0,1,-7.5,3.061,0.0,52.427
65596,0,132,0,2,0.0,3.064,0.0,52.477
65658,0,132,0,3,7.5,3.067,0.0,52.526
65720,0,132,1,0,15.0,3.07,0.0,52.576
65782,0,132,1,1,7.5,3.073,0.0,52.626
65844,0,132,1,2,0.0,3.076,0.0,52.675
65906,0,132,1,3,-7.5,3.079,0.0,52.725
65968,0,133,0,0,-15.0,3.083,0.0,52.774
66030,0,133,0,1,-7.5,3.087,0.0,52.824
66092,0,133,0,2,0.0,3.09,0.0,52.874
66154,0,133,0,3,7.5,3.094,0.0,52.923
66216,0,133,1,0,15.0,3.097,0.0,52.973
66278,0,133,1,1,7.5,3.101,0.0,53.022
66340,0,133,1,2,0.0,3.104,0.0,53.072
66402,0,133,1,3,-7.5,3.107,0.0,53.122
66464,0,134,0,0,-15.0,3.111,0.0,53.171
66526,0,134,0,1,-7.5,3.114,0.0,53.221
66588,0,134,0,2,0.0,3.116,0.0,53.27
66650,0,134,0,3,7.5,3.119,0.0,53.32
66712,0,134,1,0,15.0,3.121,0.0,53.37
66774,0,134,1,1,7.5,3.123,0.0,53.419
66836,0,134,1,2,0.0,3.125,0.0,53.469
66898,0,134,1,3,-7.5,3.126,0.0,53.518
66960,0,135,0,0,-15.0,3.127,0.0,53.568
67022,0,135,0,1,-7.5,3.128,0.0,53.618
67084,0,135,0,2,0.0,3.129,0.0,53.667
67146,0,135,0,3,7.5,3.129,0.0,53.717
67208,0,135,1,0,15.0,3.128,0.0,53.766
67270,0,135,1,1,7.5,3.128,0.0,53.816
67332,0,135,1,2,0.0,3.127,0.0,53.866
67394,0,135,1,3,-7.5,3.125,0.0,53.915
67456,0,136,0,0,-15.0,3.124,0.0,53.965
67518,0,136,0,1,-7.5,3.122,0.0,54.014
67580,0,136,0,2,0.0,3.119,0.0,54.064
67642,0,136,0,3,7.5,3.116,0.0,54.114
67704,0,136,1,0,15.0,3.114,0.0,54.163
67766,0,136,1,1,7.5,3.11,0.0,54.213
67828,0,136,1,2,0.0,3.107,0.0,54.262
67890,0,136,1,3,-7.5,3.103,0.0,54.312
67952,0,137,0,0,-15.0,3.099,0.0,54.362
68014,0,137,0,1,-7.5,3.095,0.0,54.411
68076,0,137,0,2,0.0,3.091,0.0,54.461
68138,0,137,0,3,7.5,3.087,0.0,54.51
68200,0,137,1,0,15.0,3.083,0.0,54.56
68262,0,137,1,1,7.5,3.078,0.0,54.61
68324,0,137,1,2,0.0,3.074,0.0,54.659
68386,0,137,1,3,-7.5,3.069,0.0,54.709
68448,0,138,0,0,-15.0,3.065,0.0,54.758
68510,0,138,0,1,-7.5,3.061,0.0,54.808
68572,0,138,0,2,0.0,3.057,0.0,54.858
68634,0,138,0,3,7.5,3.053,0.0,54.907
68696,0,138,1,0,15.0,3.049,0.0,54.957
68758,0,138,1,1,7.5,3.045,0.0,55.006
68820,0,138,1,2,0.0,3.042,0.0,55.056
68882,0,138,1,3,-7.5,3.039,0.0,55.106
68944,0,139,0,0,-15.0,3.036,0.0,55.155
69006,0,139,0,1,-7.5,3.033,0.0,55.205
69068,0,139,0,2,0.0,3.031,0.0,55.254
69130,0,139,0,3,7.5,3.028,0.0,55.304
69192,0,139,1,0,15.0,3.026,0.0,55.354
69254,0,139,1,1,7.5,3.025,0.0,55.403
69316,0,139,1,2,0.0,3.023,0.0,55.453
69378,0,139,1,3,-7.5,3.022,0.0,55.502
69440,0,140,0,0,-15.0,3.021,0.0,55.552
69502,0,140,0,1,-7.5,3.02,0.0,55.602
69564,0,140,0,2,0.0,3.02,0.0,55.651
69626,0,140,0,3,7.5,3.02,0.0,55.701
69688,0,140,1,0,15.0,3.02,0.0,55.75
69750,0,140,1,1,7.5,3.02,0.0,55.8
69812,0,140,1,2,0.0,3.02,0.0,55.85
69874,0,140,1,3,-7.5,3.02,0.0,55.899
69936,0,141,0,0,-15.0,3.021,0.0,55.949
69998,0,141,0,1,-7.5,3.021,0.0,55.998
70060,0,141,0,2,0.0,3.022,0.0,56.048
70122,0,141,0,3,7.5,3.022,0.0,56.098
70184,0,141,1,0,15.0,3.023,0.0,56.147
70246,0,141,1,1,7.5,3.024,0.0,56.197
70308,0,141,1,2,0.0,3.024,0.0,56.246
70370,0,141,1,3,-7.5,3.024,0.0,56.296
70432,0,142,0,0,-15.0,3.025,0.0,56.346
70494,0,142,0,1,-7.5,3.025,0.0,56.395
70556,0,142,0,2,0.0,3.025,0.0,56.445
70618,0,142,0,3,7.5,3.024,0.0,56.494
70680,0,142,1,0,15.0,3.024,0.0,56.544
70742,0,142,1,1,7.5,3.023,0.0,56.594
70804,0,142,1,2,0.0,3.022,0.0,56.643
70866,0,142,1,3,-7.5,3.021,0.0,56.693
70928,0,143,0,0,-15.0,3.019,0.0,56.742
70990,0,143,0,1,-7.5,3.017,0.0,56.792
71052,0,143,0,2,0.0,3.015,0.0,56.842
71114,0,143,0,3,7.5,3.013,0.0,56.891
71176,0,143,1,0,15.0,3.01,0.0,56.941
71238,0,143,1,1,7.5,3.007,0.0,56.99
71300,0,143,1,2,0.0,3.004,0.0,57.04
71362,0,143,1,3,-7.5,3.001,0.0,57.09
71424,0,144,0,0,-15.0,2.997,0.0,57.139
71486,0,144,0,1,-7.5,2.993,0.0,57.189
71548,0,144,0,2,0.0,2.989,0.0,57.238
71610,0,144,0,3,7.5,2.984,0.0,57.288
71672,0,144,1,0,15.0,2.979,0.0,57.338
71734,0,144,1,1,7.5,2.975,0.0,57.387
71796,0,144,1,2,0.0,2.97,0.0,57.437
71858,0,144,1,3,-7.5,2.965,0.0,57.486
71920,0,145,0,0,-15.0,2.96,0.0,57.536
71982,0,145,0,1,-7.5,2.955,0.0,57.586
72044,0,145,0,2,0.0,2.949,0.0,57.635
72106,0,145,0,3,7.5,2.944,0.0,57.685
72168,0,145,1,0,15.0,2.939,0.0,57.734
72230,0,145,1,1,7.5,2.934,0.0,57.784
72292,0,145,1,2,0.0,2.929,0.0,57.834
72354,0,145,1,3,-7.5,2.925,0.0,57.883
72416,0,146,0,0,-15.0,2.92,0.0,57.933
72478,0,146,0,1,-7.5,2.916,0.0,57.982
72540,0,146,0,2,0.0,2.912,0.0,58.032
72602,0,146,0,3,7.5,2.908,0.0,58.082
72664,0,146,1,0,15.0,2.904,0.0,58.131
72726,0,146,1,1,7.5,2.901,0.0,58.181
72788,0,146,1,2,0.0,2.898,0.0,58.23
72850,0,146,1,3,-7.5,2.895,0.0,58.28
72912,0,147,0,0,-15.0,2.893,0.0,58.33
72974,0,147,0,1,-7.5,2.891,0.0,58.379
73036,0,147,0,2,0.0,2.889,0.0,58.429
73098,0,147,0,3,7.5,2.888,0.0,58.478
73160,0,147,1,0,15.0,2.887,0.0,58.528
73222,0,147,1,1,7.5,2.886,0.0,58.578
73284,0,147,1,2,0.0,2.886,0.0,58.627
73346,0,147,1,3,-7.5,2.886,0.0,58.677
73408,0,148,0,0,-15.0,2.886,0.0,58.726
73470,0,148,0,1,-7.5,2.887,0.0,58.776
73532,0,148,0,2,0.0,2.888,0.0,58.826
73594,0,148,0,3,7.5,2.889,0.0,58.875
73656,0,148,1,0,15.0,2.891,0.0,58.925
73718,0,148,1,1,7.5,2.892,0.0,58.974
73780,0,148,1,2,0.0,2.894,0.0,59.024
73842,0,148,1,3,-7.5,2.896,0.0,59.074
73904,0,149,0,0,-15.0,2.899,0.0,59.123
73966,0,149,0,1,-7.5,2.901,0.0,59.173
74028,0,149,0,2,0.0,2.903,0.0,59.222
74090,0,149,0,3,7.5,2.906,0.0,59.272
74152,0,149,1,0,15.0,2.908,0.0,59.322
74214,0,149,1,1,7.5,2.911,0.0,59.371
74276,0,149,1,2,0.0,2.913,0.0,59.421
74338,0,149,1,3,-7.5,2.915,0.0,59.47
74400,0,150,0,0,-15.0,2.918,0.0,59.52
74462,0,150,0,1,-7.5,2.92,0.0,59.57
74524,0,150,0,2,0.0,2.922,0.0,59.619
74586,0,150,0,3,7.5,2.924,0.0,59.669
74648,0,150,1,0,15.0,2.926,0.0,59.718
74710,0,150,1,1,7.5,2.927,0.0,59.768
74772,0,150,1,2,0.0,2.928,0.0,59.818
74834,0,150,1,3,-7.5,2.929,0.0,59.867
74896,0,151,0,0,-15.0,2.93,0.0,59.917
74958,0,151,0,1,-7.5,2.931,0.0,59.966
75020,0,151,0,2,0.0,2.931,0.0,60.016
75082,0,151,0,3,7.5,2.931,0.0,60.066
75144,0,151,1,0,15.0,2.931,0.0,60.115
75206,0,151,1,1,7.5,2.931,0.0,60.165
75268,0,151,1,2,0.0,2.93,0.0,60.214
75330,0,151,1,3,-7.5,2.93,0.0,60.264
75392,0,152,0,0,-15.0,2.929,0.0,60.314
75454,0,152,0,1,-7.5,2.928,0.0,60.363
75516,0,152,0,2,0.0,2.926,0.0,60.413
75578,0,152,0,3,7.5,2.925,0.0,60.462
75640,0,152,1,0,15.0,2.923,0.0,60.512
75702,0,152,1,1,7.5,2.922,0.0,60.562
75764,0,152,1,2,0.0,2.92,0.0,60.611
75826,0,152,1,3,-7.5,2.918,0.0,60.661
75888,0,153,0,0,-15.0,2.916,0.0,60.71
75950,0,153,0,1,-7.5,2.915,0.0,60.76
76012,0,153,0,2,0.0,2.913,0.0,60.81
76074,0,153,0,3,7.5,2.911,0.0,60.859
76136,0,153,1,0,15.0,2.91,0.0,60.909
76198,0,153,1,1,7.5,2.908,0.0,60.958
76260,0,153,1,2,0.0,2.907,0.0,61.008
76322,0,153,1,3,-7.5,2.906,0.0,61.058
76384,0,154,0,0,-15.0,2.905,0.0,61.107
76446,0,154,0,1,-7.5,2.905,0.0,61.157
76508,0,154,0,2,0.0,2.904,0.0,61.206
76570,0,154,0,3,7.5,2.904,0.0,61.256
76632,0,154,1,0,15.0,2.904,0.0,61.306
76694,0,154,1,1,7.5,2.905,0.0,61.355
76756,0,154,1,2,0.0,2.906,0.0,61.405
76818,0,154,1,3,-7.5,2.907,0.0,61.454
76880,0,155,0,0,-15.0,2.909,0.0,61.504
76942,0,155,0,1,-7.5,2.91,0.0,61.554
77004,0,155,0,2,0.0,2.913,0.0,61.603
77066,0,155,0,3,7.5,2.915,0.0,61.653
77128,0,155,1,0,15.0,2.918,0.0,61.702
77190,0,155,1,1,7.5,2.921,0.0,61.752
77252,0,155,1,2,0.0,2.925,0.0,61.802
77314,0,155,1,3,-7.5,2.928,0.0,61.851
77376,0,156,0,0,-15.0,2.932,0.0,61.901
77438,0,156,0,1,-7.5,2.937,0.0,61.95
77500,0,156,0,2,0.0,2.941,0.0,62.0
77562,0,156,0,3,7.5,2.946,0.0,62.05
77624,0,156,1,0,15.0,2.951,0.0,62.099
77686,0,156,1,1,7.5,2.956,0.0,62.149
77748,0,156,1,2,0.0,2.961,0.0,62.198
77810,0,156,1,3,-7.5,2.966,0.0,62.248
77872,0,157,0,0,-15.0,2.972,0.0,62.298
77934,0,157,0,1,-7.5,2.977,0.0,62.347
77996,0,157,0,2,0.0,2.982,0.0,62.397
78058,0,157,0,3,7.5,2.988,0.0,62.446
78120,0,157,1,0,15.0,2.993,0.0,62.496
78182,0,157,1,1,7.5,2.998,0.0,62.546
78244,0,157,1,2,0.0,3.004,0.0,62.595
78306,0,157,1,3,-7.5,3.008,0.0,62.645
78368,0,158,0,0,-15.0,3.013,0.0,62.694
78430,0,158,0,1,-7.5,3.018,0.0,62.744
78492,0,158,0,2,0.0,3.022,0.0,62.794
78554,0,158,0,3,7.5,3.026,0.0,62.843
78616,0,158,1,0,15.0,3.03,0.0,62.893
78678,0,158,1,1,7.5,3.034,0.0,62.942
78740,0,158,1,2,0.0,3.037,0.0,62.992
78802,0,158,1,3,-7.5,3.04,0.0,63.042
78864,0,159,0,0,-15.0,3.043,0.0,63.091
78926,0,159,0,1,-7.5,3.045,0.0,63.141
78988,0,159,0,2,0.0,3.047,0.0,63.19
79050,0,159,0,3,7.5,3.049,0.0,63.24
79112,0,159,1,0,15.0,3.051,0.0,63.29
79174,0,159,1,1,7.5,3.052,0.0,63.339
79236,0,159,1,2,0.0,3.053,0.0,63.389
79298,0,159,1,3,-7.5,3.053,0.0,63.438
79360,0,160,0,0,-15.0,3.054,0.0,63.488
79422,0,160,0,1,-7.5,3.054,0.0,63.538
79484,0,160,0,2,0.0,3.054,0.0,63.587
79546,0,160,0,3,7.5,3.054,0.0,63.637
79608,0,160,1,0,15.0,3.053,0.0,63.686
79670,0,160,1,1,7.5,3.053,0.0,63.736
79732,0,160,1,2,0.0,3.052,0.0,63.786
79794,0,160,1,3,-7.5,3.051,0.0,63.835
79856,0,161,0,0,-15.0,3.05,0.0,63.885
79918,0,161,0,1,-7.5,3.05,0.0,63.934
79980,0,161,0,2,0.0,3.049,0.0,63.984
80042,0,161,0,3,7.5,3.048,0.0,64.034
80104,0,161,1,0,15.0,3.047,0.0,64.083
80166,0,161,1,1,7.5,3.046,0.0,64.133
80228,0,161,1,2,0.0,3.046,0.0,64.182
80290,0,161,1,3,-7.5,3.045,0.0,64.232
80352,0,162,0,0,-15.0,3.045,0.0,64.282
80414,0,162,0,1,-7.5,3.045,0.0,64.331
80476,0,162,0,2,0.0,3.045,0.0,64.381
80538,0,162,0,3,7.5,3.045,0.0,64.43
80600,0,162,1,0,15.0,3.045,0.0,64.48
80662,0,162,1,1,7.5,3.046,0.0,64.53
80724,0,162,1,2,0.0,3.047,0.0,64.579
80786,0,162,1,3,-7.5,3.048,0.0,64.629
80848,0,163,0,0,-15.0,3.05,0.0,64.678
80910,0,163,0,1,-7.5,3.051,0.0,64.728
80972,0,163,0,2,0.0,3.053,0.0,64.778
81034,0,163,0,3,7.5,3.056,0.0,64.827
81096,0,163,1,0,15.0,3.058,0.0,64.877
81158,0,163,1,1,7.5,3.061,0.0,64.926
81220,0,163,1,2,0.0,3.063,0.0,64.976
81282,0,163,1,3,-7.5,3.067,0.0,65.026
81344,0,164,0,0,-15.0,3.07,0.0,65.075
81406,0,164,0,1,-7.5,3.073,0.0,65.125
81468,0,164,0,2,0.0,3.077,0.0,65.174
81530,0,164,0,3,7.5,3.08,0.0,65.224
81592,0,164,1,0,15.0,3.084,0.0,65.274
81654,0,164,1,1,7.5,3.087,0.0,65.323
81716,0,164,1,2,0.0,3.091,0.0,65.373
81778,0,164,1,3,-7.5,3.095,0.0,65.422
81840,0,165,0,0,-15.0,3.098,0.0,65.472
81902,0,165,0,1,-7.5,3.102,0.0,65.522
81964,0,165,0,2,0.0,3.105,0.0,65.571
82026,0,165,0,3,7.5,3.109,0.0,65.621
82088,0,165,1,0,15.0,3.112,0.0,65.67
82150,0,165,1,1,7.5,3.115,0.0,65.72
82212,0,165,1,2,0.0,3.118,0.0,65.77
82274,0,165,1,3,-7.5,3.12,0.0,65.819
82336,0,166,0,0,-15.0,3.122,0.0,65.869
82398,0,166,0,1,-7.5,3.124,0.0,65.918
82460,0,166,0,2,0.0,3.126,0.0,65.968
82522,0,166,0,3,7.5,3.127,0.0,66.018
82584,0,166,1,0,15.0,3.128,0.0,66.067
82646,0,166,1,1,7.5,3.129,0.0,66.117
82708,0,166,1,2,0.0,3.129,0.0,66.166
82770,0,166,1,3,-7.5,3.129,0.0,66.216
82832,0,167,0,0,-15.0,3.129,0.0,66.266
82894,0,167,0,1,-7.5,3.128,0.0,66.315
82956,0,167,0,2,0.0,3.127,0.0,66.365
83018,0,167,0,3,7.5,3.125,0.0,66.414
83080,0,167,1,0,15.0,3.124,0.0,66.464
83142,0,167,1,1,7.5,3.121,0.0,66.514
83204,0,167,1,2,0.0,3.119,0.0,66.563
83266,0,167,1,3,-7.5,3.116,0.0,66.613
83328,0,168,0,0,-15.0,3.113,0.0,66.662
83390,0,168,0,1,-7.5,3.11,0.0,66.712
83452,0,168,0,2,0.0,3.106,0.0,66.762
83514,0,168,0,3,7.5,3.103,0.0,66.811
83576,0,168,1,0,15.0,3.099,0.0,66.861
83638,0,168,1,1,7.5,3.095,0.0,66.91
83700,0,168,1,2,0.0,3.091,0.0,66.96
83762,0,168,1,3,-7.5,3.087,0.0,67.01
83824,0,169,0,0,-15.0,3.082,0.0,67.059
83886,0,169,0,1,-7.5,3.078,0.0,67.109
83948,0,169,0,2,0.0,3.074,0.0,67.158
84010,0,169,0,3,7.5,3.07,0.0,67.208
84072,0,169,1,0,15.0,3.065,0.0,67.258
84134,0,169,1,1,7.5,3.061,0.0,67.307
84196,0,169,1,2,0.0,3.057,0.0,67.357
84258,0,169,1,3,-7.5,3.054,0.0,67.406
84320,0,170,0,0,-15.0,3.05,0.0,67.456
84382,0,170,0,1,-7.5,3.047,0.0,67.506
84444,0,170,0,2,0.0,3.043,0.0,67.555
84506,0,170,0,3,7.5,3.04,0.0,67.605
84568,0,170,1,0,15.0,3.038,0.0,67.654
84630,0,170,1,1,7.5,3.035,0.0,67.704
84692,0,170,1,2,0.0,3.033,0.0,67.754
84754,0,170,1,3,-7.5,3.031,0.0,67.803
84816,0,171,0,0,-15.0,3.029,0.0,67.853
84878,0,171,0,1,-7.5,3.028,0.0,67.902
84940,0,171,0,2,0.0,3.027,0.0,67.952
85002,0,171,0,3,7.5,3.026,0.0,68.002
85064,0,171,1,0,15.0,3.025,0.0,68.051
85126,0,171,1,1,7.5,3.025,0.0,68.101
85188,0,171,1,2,0.0,3.024,0.0,68.15
85250,0,171,1,3,-7.5,3.024,0.0,68.2
85312,0,172,0,0,-15.0,3.024,0.0,68.25
85374,0,172,0,1,-7.5,3.025,0.0,68.299
85436,0,172,0,2,0.0,3.025,0.0,68.349
85498,0,172,0,3,7.5,3.025,0.0,68.398
85560,0,172,1,0,15.0,3.026,0.0,68.448
85622,0,172,1,1,7.5,3.026,0.0,68.498
85684,0,172,1,2,0.0,3.027,0.0,68.547
85746,0,172,1,3,-7.5,3.028,0.0,68.597
85808,0,173,0,0,-15.0,3.028,0.0,68.646
85870,0,173,0,1,-7.5,3.029,0.0,68.696
85932,0,173,0,2,0.0,3.029,0.0,68.746
85994,0,173,0,3,7.5,3.03,0.0,68.795
86056,0,173,1,0,15.0,3.03,0.0,68.845
86118,0,173,1,1,7.5,3.03,0.0,68.894
86180,0,173,1,2,0.0,3.029,0.0,68.944
86242,0,173,1,3,-7.5,3.029,0.0,68.994
86304,0,174,0,0,-15.0,3.028,0.0,69.043
86366,0,174,0,1,-7.5,3.027,0.0,69.093
86428,0,174,0,2,0.0,3.026,0.0,69.142
86490,0,174,0,3,7.5,3.025,0.0,69.192
86552,0,174,1,0,15.0,3.023,0.0,69.242
86614,0,174,1,1,7.5,3.021,0.0,69.291
86676,0,174,1,2,0.0,3.019,0.0,69.341
86738,0,174,1,3,-7.5,3.016,0.0,69.39
86800,0,175,0,0,-15.0,3.013,0.0,69.44
86862,0,175,0,1,-7.5,3.01,0.0,69.49
86924,0,175,0,2,0.0,3.007,0.0,69.539
86986,0,175,0,3,7.5,3.003,0.0,69.589
87048,0,175,1,0,15.0,2.999,0.0,69.638
87110,0,175,1,1,7.5,2.995,0.0,69.688
87172,0,175,1,2,0.0,2.99,0.0,69.738
87234,0,175,1,3,-7.5,2.986,0.0,69.787
87296,0,176,0,0,-15.0,2.981,0.0,69.837
87358,0,176,0,1,-7.5,2.976,0.0,69.886
87420,0,176,0,2,0.0,2.971,0.0,69.936
87482,0,176,0,3,7.5,2.966,0.0,69.986
87544,0,176,1,0,15.0,2.961,0.0,70.035
87606,0,176,1,1,7.5,2.956,0.0,70.085
87668,0,176,1,2,0.0,2.95,0.0,70.134
87730,0,176,1,3,-7.5,2.945,0.0,70.184
87792,0,177,0,0,-15.0,2.94,0.0,70.234
87854,0,177,0,1,-7.5,2.935,0.0,70.283
87916,0,177,0,2,0.0,2.93,0.0,70.333
87978,0,177,0,3,7.5,2.926,0.0,70.382
88040,0,177,1,0,15.0,2.921,0.0,70.432
88102,0,177,1,1,7.5,2.917,0.0,70.482
88164,0,177,1,2,0.0,2.913,0.0,70.531
88226,0,177,1,3,-7.5,2.909,0.0,70.581
88288,0,178,0,0,-15.0,2.906,0.0,70.63
88350,0,178,0,1,-7.5,2.902,0.0,70.68
88412,0,178,0,2,0.0,2.9,0.0,70.73
88474,0,178,0,3,7.5,2.897,0.0,70.779
88536,0,178,1,0,15.0,2.895,0.0,70.829
88598,0,178,1,1,7.5,2.893,0.0,70.878
88660,0,178,1,2,0.0,2.891,0.0,70.928
88722,0,178,1,3,-7.5,2.89,0.0,70.978
88784,0,179,0,0,-15.0,2.889,0.0,71.027
88846,0,179,0,1,-7.5,2.889,0.0,71.077
88908,0,179,0,2,0.0,2.889,0.0,71.126
88970,0,179,0,3,7.5,2.889,0.0,71.176
89032,0,179,1,0,15.0,2.889,0.0,71.226
89094,0,179,1,1,7.5,2.89,0.0,71.275
89156,0,179,1,2,0.0,2.891,0.0,71.325
89218,0,179,1,3,-7.5,2.892,0.0,71.374
89280,0,180,0,0,-15.0,2.894,0.0,71.424
89342,0,180,0,1,-7.5,2.896,0.0,71.474
89404,0,180,0,2,0.0,2.897,0.0,71.523
89466,0,180,0,3,7.5,2.899,0.0,71.573
89528,0,180,1,0,15.0,2.902,0.0,71.622
89590,0,180,1,1,7.5,2.904,0.0,71.672
89652,0,180,1,2,0.0,2.906,0.0,71.722
89714,0,180,1,3,-7.5,2.909,0.0,71.771
89776,0,181,0,0,-15.0,2.911,0.0,71.821
89838,0,181,0,1,-7.5,2.913,0.0,71.87
89900,0,181,0,2,0.0,2.915,0.0,71.92
89962,0,181,0,3,7.5,2.918,0.0,71.97
90024,0,181,1,0,15.0,2.92,0.0,72.019
90086,0,181,1,1,7.5,2.922,0.0,72.069
90148,0,181,1,2,0.0,2.923,0.0,72.118
90210,0,181,1,3,-7.5,2.925,0.0,72.168
90272,0,182,0,0,-15.0,2.927,0.0,72.218
90334,0,182,0,1,-7.5,2.928,0.0,72.267
90396,0,182,0,2,0.0,2.929,0.0,72.317
90458,0,182,0,3,7.5,2.93,0.0,72.366
90520,0,182,1,0,15.0,2.93,0.0,72.416
90582,0,182,1,1,7.5,2.931,0.0,72.466
90644,0,182,1,2,0.0,2.931,0.0,72.515
90706,0,182,1,3,-7.5,2.93,0.0,72.565
90768,0,183,0,0,-15.0,2.93,0.0,72.614
90830,0,183,0,1,-7.5,2.93,0.0,72.664
90892,0,183,0,2,0.0,2.929,0.0,72.714
90954,0,183,0,3,7.5,2.928,0.0,72.763
91016,0,183,1,0,15.0,2.926,0.0,72.813
91078,0,183,1,1,7.5,2.925,0.0,72.862
91140,0,183,1,2,0.0,2.924,0.0,72.912
91202,0,183,1,3,-7.5,2.922,0.0,72.962
91264,0,184,0,0,-15.0,2.92,0.0,73.011
91326,0,184,0,1,-7.5,2.918,0.0,73.061
91388,0,184,0,2,0.0,2.917,0.0,73.11
91450,0,184,0,3,7.5,2.915,0.0,73.16
91512,0,184,1,0,15.0,2.913,0.0,73.21
91574,0,184,1,1,7.5,2.911,0.0,73.259
91636,0,184,1,2,0.0,2.909,0.0,73.309
91698,0,184,1,3,-7.5,2.908,0.0,73.358
91760,0,185,0,0,-15.0,2.906,0.0,73.408
91822,0,185,0,1,-7.5,2.905,0.0,73.458
91884,0,185,0,2,0.0,2.903,0.0,73.507
91946,0,185,0,3,7.5,2.902,0.0,73.557
92008,0,185,1,0,15.0,2.902,0.0,73.606
92070,0,185,1,1,7.5,2.901,0.0,73.656
92132,0,185,1,2,0.0,2.901,0.0,73.706
92194,0,185,1,3,-7.5,2.901,0.0,73.755
92256,0,186,0,0,-15.0,2.901,0.0,73.805
92318,0,186,0,1,-7.5,2.902,0.0,73.854
92380,0,186,0,2,0.0,2.903,0.0,73.904
92442,0,186,0,3,7.5,2.904,0.0,73.954
92504,0,186,1,0,15.0,2.906,0.0,74.003
92566,0,186,1,1,7.5,2.908,0.0,74.053
92628,0,186,1,2,0.0,2.91,0.0,74.102
92690,0,186,1,3,-7.5,2.913,0.0,74.152
92752,0,187,0,0,-15.0,2.916,0.0,74.202
92814,0,187,0,1,-7.5,2.919,0.0,74.251
92876,0,187,0,2,0.0,2.923,0.0,74.301
92938,0,187,0,3,7.5,2.927,0.0,74.35
93000,0,187,1,0,15.0,2.931,0.0,74.4
93062,0,187,1,1,7.5,2.935,0.0,74.45
93124,0,187,1,2,0.0,2.94,0.0,74.499
93186,0,187,1,3,-7.5,2.945,0.0,74.549
93248,0,188,0,0,-15.0,2.949,0.0,74.598
93310,0,188,0,1,-7.5,2.955,0.0,74.648
93372,0,188,0,2,0.0,2.96,0.0,74.698
93434,0,188,0,3,7.5,2.965,0.0,74.747
93496,0,188,1,0,15.0,2.97,0.0,74.797
93558,0,188,1,1,7.5,2.976,0.0,74.846
93620,0,188,1,2,0.0,2.981,0.0,74.896
93682,0,188,1,3,-7.5,2.987,0.0,74.946
93744,0,189,0,0,-15.0,2.992,0.0,74.995
93806,0,189,0,1,-7.5,2.997,0.0,75.045
93868,0,189,0,2,0.0,3.002,0.0,75.094
93930,0,189,0,3,7.5,3.007,0.0,75.144
93992,0,189,1,0,15.0,3.011,0.0,75.194
94054,0,189,1,1,7.5,3.016,0.0,75.243
94116,0,189,1,2,0.0,3.02,0.0,75.293
94178,0,189,1,3,-7.5,3.024,0.0,75.342
94240,0,190,0,0,-15.0,3.028,0.0,75.392
94302,0,190,0,1,-7.5,3.031,0.0,75.442
94364,0,190,0,2,0.0,3.034,0.0,75.491
94426,0,190,0,3,7.5,3.037,0.0,75.541
94488,0,190,1,0,15.0,3.04,0.0,75.59
94550,0,190,1,1,7.5,3.042,0.0,75.64
94612,0,190,1,2,0.0,3.044,0.0,75.69
94674,0,190,1,3,-7.5,3.045,0.0,75.739
94736,0,191,0,0,-15.0,3.047,0.0,75.789
94798,0,191,0,1,-7.5,3.048,0.0,75.838
94860,0,191,0,2,0.0,3.048,0.0,75.888
94922,0,191,0,3,7.5,3.049,0.0,75.938
94984,0,191,1,0,15.0,3.049,0.0,75.987
95046,0,191,1,1,7.5,3.049,0.0,76.037
95108,0,191,1,2,0.0,3.049,0.0,76.086
95170,0,191,1,3,-7.5,3.049,0.0,76.136
95232,0,192,0,0,-15.0,3.048,0.0,76.186
95294,0,192,0,1,-7.5,3.048,0.0,76.235
95356,0,192,0,2,0.0,3.047,0.0,76.285
95418,0,192,0,3,7.5,3.046,0.0,76.334
95480,0,192,1,0,15.0,3.045,0.0,76.384
95542,0,192,1,1,7.5,3.045,0.0,76.434
95604,0,192,1,2,0.0,3.044,0.0,76.483
95666,0,192,1,3,-7.5,3.043,0.0,76.533
95728,0,193,0,0,-15.0,3.042,0.0,76.582
95790,0,193,0,1,-7.5,3.042,0.0,76.632
95852,0,193,0,2,0.0,3.041,0.0,76.682
95914,0,193,0,3,7.5,3.041,0.0,76.731
95976,0,193,1,0,15.0,3.041,0.0,76.781
96038,0,193,1,1,7.5,3.041,0.0,76.83
96100,0,193,1,2,0.0,3.041,0.0,76.88
96162,0,193,1,3,-7.5,3.042,0.0,76.93
96224,0,194,0,0,-15.0,3.042,0.0,76.979
96286,0,194,0,1,-7.5,3.043,0.0,77.029
96348,0,194,0,2,0.0,3.045,0.0,77.078
96410,0,194,0,3,7.5,3.046,0.0,77.128
96472,0,194,1,0,15.0,3.048,0.0,77.178
96534,0,194,1,1,7.5,3.05,0.0,77.227
96596,0,194,1,2,0.0,3.052,0.0,77.277
96658,0,194,1,3,-7.5,3.054,0.0,77.326
96720,0,195,0,0,-15.0,3.057,0.0,77.376
96782,0,195,0,1,-7.5,3.06,0.0,77.426
96844,0,195,0,2,0.0,3.063,0.0,77.475
96906,0,195,0,3,7.5,3.066,0.0,77.525
96968,0,195,1,0,15.0,3.07,0.0,77.574
97030,0,195,1,1,7.5,3.073,0.0,77.624
97092,0,195,1,2,0.0,3.077,0.0,77.674
97154,0,195,1,3,-7.5,3.081,0.0,77.723
97216,0,196,0,0,-15.0,3.084,0.0,77.773
97278,0,196,0,1,-7.5,3.088,0.0,77.822
97340,0,196,0,2,0.0,3.092,0.0,77.872
97402,0,196,0,3,7.5,3.096,0.0,77.922
97464,0,196,1,0,15.0,3.1,0.0,77.971
97526,0,196,1,1,7.5,3.103,0.0,78.021
97588,0,196,1,2,0.0,3.107,0.0,78.07
97650,0,196,1,3,-7.5,3.11,0.0,78.12
97712,0,197,0,0,-15.0,3.113,0.0,78.17
97774,0,197,0,1,-7.5,3.116,0.0,78.219
97836,0,197,0,2,0.0,3.119,0.0,78.269
97898,0,197,0,3,7.5,3.121,0.0,78.318
97960,0,197,1,0,15.0,3.124,0.0,78.368
98022,0,197,1,1,7.5,3.125,0.0,78.418
98084,0,197,1,2,0.0,3.127,0.0,78.467
98146,0,197,1,3,-7.5,3.128,0.0,78.517
98208,0,198,0,0,-15.0,3.129,0.0,78.566
98270,0,198,0,1,-7.5,3.13,0.0,78.616
98332,0,198,0,2,0.0,3.13,0.0,78.666
98394,0,198,0,3,7.5,3.13,0.0,78.715
98456,0,198,1,0,15.0,3.129,0.0,78.765
98518,0,198,1,1,7.5,3.128,0.0,78.814
98580,0,198,1,2,0.0,3.127,0.0,78.864
98642,0,198,1,3,-7.5,3.125,0.0,78.914
98704,0,199,0,0,-15.0,3.123,0.0,78.963
98766,0,199,0,1,-7.5,3.121,0.0,79.013
98828,0,199,0,2,0.0,3.119,0.0,79.062
98890,0,199,0,3,7.5,3.116,0.0,79.112
98952,0,199,1,0,15.0,3.113,0.0,79.162
99014,0,199,1,1,7.5,3.109,0.0,79.211
99076,0,199,1,2,0.0,3.106,0.0,79.261
99138,0,199,1,3,-7.5,3.102,0.0,79.31
99200,0,200,0,0,-15.0,3.098,0.0,79.36
99262,0,200,0,1,-7.5,3.094,0.0,79.41
99324,0,200,0,2,0.0,3.09,0.0,79.459
99386,0,200,0,3,7.5,3.086,0.0,79.509
99448,0,200,1,0,15.0,3.082,0.0,79.558
99510,0,200,1,1,7.5,3.078,0.0,79.608
99572,0,200,1,2,0.0,3.074,0.0,79.658
99634,0,200,1,3,-7.5,3.07,0.0,79.707
99696,0,201,0,0,-15.0,3.066,0.0,79.757
99758,0,201,0,1,-7.5,3.062,0.0,79.806
99820,0,201,0,2,0.0,3.058,0.0,79.856
99882,0,201,0,3,7.5,3.054,0.0,79.906
99944,0,201,1,0,15.0,3.051,0.0,79.955
100006,0,201,1,1,7.5,3.048,0.0,80.005
100068,0,201,1,2,0.0,3.045,0.0,80.054
100130,0,201,1,3,-7.5,3.042,0.0,80.104
100192,0,202,0,0,-15.0,3.04,0.0,80.154
100254,0,202,0,1,-7.5,3.037,0.0,80.203
100316,0,202,0,2,0.0,3.036,0.0,80.253
100378,0,202,0,3,7.5,3.034,0.0,80.302
100440,0,202,1,0,15.0,3.032,0.0,80.352
100502,0,202,1,1,7.5,3.031,0.0,80.402
100564,0,202,1,2,0.0,3.03,0.0,80.451
100626,0,202,1,3,-7.5,3.029,0.0,80.501
100688,0,203,0,0,-15.0,3.029,0.0,80.55
100750,0,203,0,1,-7.5,3.029,0.0,80.6
100812,0,203,0,2,0.0,3.029,0.0,80.65
100874,0,203,0,3,7.5,3.029,0.0,80.699
100936,0,203,1,0,15.0,3.029,0.0,80.749
100998,0,203,1,1,7.5,3.029,0.0,80.798
101060,0,203,1,2,0.0,3.03,0.0,80.848
101122,0,203,1,3,-7.5,3.03,0.0,80.898
101184,0,204,0,0,-15.0,3.031,0.0,80.947
101246,0,204,0,1,-7.5,3.032,0.0,80.997
101308,0,204,0,2,0.0,3.032,0.0,81.046
101370,0,204,0,3,7.5,3.033,0.0,81.096
101432,0,204,1,0,15.0,3.034,0.0,81.146
101494,0,204,1,1,7.5,3.034,0.0,81.195
101556,0,204,1,2,0.0,3.034,0.0,81.245
101618,0,204,1,3,-7.5,3.035,0.0,81.294
101680,0,205,0,0,-15.0,3.035,0.0,81.344
101742,0,205,0,1,-7.5,3.035,0.0,81.394
101804,0,205,0,2,0.0,3.034,0.0,81.443
101866,0,205,0,3,7.5,3.034,0.0,81.493
101928,0,205,1,0,15.0,3.033,0.0,81.542
101990,0,205,1,1,7.5,3.032,0.0,81.592
102052,0,205,1,2,0.0,3.03,0.0,81.642
102114,0,205,1,3,-7.5,3.029,0.0,81.691
102176,0,206,0,0,-15.0,3.027,0.0,81.741
102238,0,206,0,1,-7.5,3.025,0.0,81.79
102300,0,206,0,2,0.0,3.022,0.0,81.84
102362,0,206,0,3,7.5,3.019,0.0,81.89
102424,0,206,1,0,15.0,3.016,0.0,81.939
102486,0,206,1,1,7.5,3.013,0.0,81.989
102548,0,206,1,2,0.0,3.009,0.0,82.038
102610,0,206,1,3,-7.5,3.005,0.0,82.088
102672,0,207,0,0,-15.0,3.001,0.0,82.138
102734,0,207,0,1,-7.5,2.997,0.0,82.187
102796,0,207,0,2,0.0,2.992,0.0,82.237
102858,0,207,0,3,7.5,2.987,0.0,82.286
102920,0,207,1,0,15.0,2.982,0.0,82.336
102982,0,207,1,1,7.5,2.977,0.0,82.386
103044,0,207,1,2,0.0,2.972,0.0,82.435
103106,0,207,1,3,-7.5,2.967,0.0,82.485
103168,0,208,0,0,-15.0,2.962,0.0,82.534
103230,0,208,0,1,-7.5,2.957,0.0,82.584
103292,0,208,0,2,0.0,2.951,0.0,82.634
103354,0,208,0,3,7.5,2.946,0.0,82.683
103416,0,208,1,0,15.0,2.941,0.0,82.733
103478,0,208,1,1,7.5,2.936,0.0,82.782
103540,0,208,1,2,0.0,2.931,0.0,82.832
103602,0,208,1,3,-7.5,2.927,0.0,82.882
103664,0,209,0,0,-15.0,2.922,0.0,82.931
103726,0,209,0,1,-7.5,2.918,0.0,82.981
103788,0,209,0,2,0.0,2.914,0.0,83.03
103850,0,209,0,3,7.5,2.91,0.0,83.08
103912,0,209,1,0,15.0,2.907,0.0,83.13
103974,0,209,1,1,7.5,2.904,0.0,83.179
104036,0,209,1,2,0.0,2.901,0.0,83.229
104098,0,209,1,3,-7.5,2.899,0.0,83.278
104160,0,210,0,0,-15.0,2.897,0.0,83.328
104222,0,210,0,1,-7.5,2.895,0.0,83.378
104284,0,210,0,2,0.0,2.894,0.0,83.427
104346,0,210,0,3,7.5,2.893,0.0,83.477
104408,0,210,1,0,15.0,2.892,0.0,83.526
104470,0,210,1,1,7.5,2.891,0.0,83.576
104532,0,210,1,2,0.0,2.891,0.0,83.626
104594,0,210,1,3,-7.5,2.892,0.0,83.675
104656,0,211,0,0,-15.0,2.892,0.0,83.725
104718,0,211,0,1,-7.5,2.893,0.0,83.774
104780,0,211,0,2,0.0,2.894,0.0,83.824
104842,0,211,0,3,7.5,2.895,0.0,83.874
104904,0,211,1,0,15.0,2.897,0.0,83.923
104966,0,211,1,1,7.5,2.899,0.0,83.973
105028,0,211,1,2,0.0,2.901,0.0,84.022
105090,0,211,1,3,-7.5,2.903,0.0,84.072
105152,0,212,0,0,-15.0,2.905,0.0,84.122
105214,0,212,0,1,-7.5,2.907,0.0,84.171
105276,0,212,0,2,0.0,2.909,0.0,84.221
105338,0,212,0,3,7.5,2.911,0.0,84.27
105400,0,212,1,0,15.0,2.914,0.0,84.32
105462,0,212,1,1,7.5,2.916,0.0,84.37
105524,0,212,1,2,0.0,2.918,0.0,84.419
105586,0,212,1,3,-7.5,2.92,0.0,84.469
105648,0,213,0,0,-15.0,2.922,0.0,84.518
105710,0,213,0,1,-7.5,2.923,0.0,84.568
105772,0,213,0,2,0.0,2.925,0.0,84.618
105834,0,213,0,3,7.5,2.926,0.0,84.667
105896,0,213,1,0,15.0,2.928,0.0,84.717
105958,0,213,1,1,7.5,2.929,0.0,84.766
106020,0,213,1,2,0.0,2.929,0.0,84.816
106082,0,213,1,3,-7.5,2.93,0.0,84.866
106144,0,214,0,0,-15.0,2.93,0.0,84.915
106206,0,214,0,1,-7.5,2.93,0.0,84.965
106268,0,214,0,2,0.0,2.93,0.0,85.014
106330,0,214,0,3,7.5,2.93,0.0,85.064
106392,0,214,1,0,15.0,2.929,0.0,85.114
106454,0,214,1,1,7.5,2.928,0.0,85.163
106516,0,214,1,2,0.0,2.927,0.0,85.213
106578,0,214,1,3,-7.5,2.926,0.0,85.262
106640,0,215,0,0,-15.0,2.924,0.0,85.312
106702,0,215,0,1,-7.5,2.923,0.0,85.362
106764,0,215,0,2,0.0,2.921,0.0,85.411
106826,0,215,0,3,7.5,2.919,0.0,85.461
106888,0,215,1,0,15.0,2.917,0.0,85.51
106950,0,215,1,1,7.5,2.915,0.0,85.56
107012,0,215,1,2,0.0,2.913,0.0,85.61
107074,0,215,1,3,-7.5,2.911,0.0,85.659
107136,0,216,0,0,-15.0,2.909,0.0,85.709
107198,0,216,0,1,-7.5,2.907,0.0,85.758
107260,0,216,0,2,0.0,2.906,0.0,85.808
107322,0,216,0,3,7.5,2.904,0.0,85.858
107384,0,216,1,0,15.0,2.902,0.0,85.907
107446,0,216,1,1,7.5,2.901,0.0,85.957
107508,0,216,1,2,0.0,2.9,0.0,86.006
107570,0,216,1,3,-7.5,2.899,0.0,86.056
107632,0,217,0,0,-15.0,2.898,0.0,86.106
107694,0,217,0,1,-7.5,2.898,0.0,86.155
107756,0,217,0,2,0.0,2.897,0.0,86.205
107818,0,217,0,3,7.5,2.898,0.0,86.254
107880,0,217,1,0,15.0,2.898,0.0,86.304
107942,0,217,1,1,7.5,2.899,0.0,86.354
108004,0,217,1,2,0.0,2.9,0.0,86.403
108066,0,217,1,3,-7.5,2.901,0.0,86.453
108128,0,218,0,0,-15.0,2.903,0.0,86.502
108190,0,218,0,1,-7.5,2.905,0.0,86.552
108252,0,218,0,2,0.0,2.908,0.0,86.602
108314,0,218,0,3,7.5,2.911,0.0,86.651
108376,0,218,1,0,15.0,2.914,0.0,86.701
108438,0,218,1,1,7.5,2.917,0.0,86.75
108500,0,218,1,2,0.0,2.921,0.0,86.8
108562,0,218,1,3,-7.5,2.925,0.0,86.85
108624,0,219,0,0,-15.0,2.929,0.0,86.899
108686,0,219,0,1,-7.5,2.934,0.0,86.949
108748,0,219,0,2,0.0,2.938,0.0,86.998
108810,0,219,0,3,7.5,2.943,0.0,87.048
108872,0,219,1,0,15.0,2.948,0.0,87.098
108934,0,219,1,1,7.5,2.953,0.0,87.147
108996,0,219,1,2,0.0,2.959,0.0,87.197
109058,0,219,1,3,-7.5,2.964,0.0,87.246
109120,0,220,0,0,-15.0,2.969,0.0,87.296
109182,0,220,0,1,-7.5,2.975,0.0,87.346
109244,0,220,0,2,0.0,2.98,0.0,87.395
109306,0,220,0,3,7.5,2.985,0.0,87.445
109368,0,220,1,0,15.0,2.99,0.0,87.494
109430,0,220,1,1,7.5,2.995,0.0,87.544
109492,0,220,1,2,0.0,3.0,0.0,87.594
109554,0,220,1,3,-7.5,3.005,0.0,87.643
109616,0,221,0,0,-15.0,3.009,0.0,87.693
109678,0,221,0,1,-7.5,3.014,0.0,87.742
109740,0,221,0,2,0.0,3.018,0.0,87.792
109802,0,221,0,3,7.5,3.021,0.0,87.842
109864,0,221,1,0,15.0,3.025,0.0,87.891
109926,0,221,1,1,7.5,3.028,0.0,87.941
109988,0,221,1,2,0.0,3.031,0.0,87.99
110050,0,221,1,3,-7.5,3.034,0.0,88.04
110112,0,222,0,0,-15.0,3.036,0.0,88.09
110174,0,222,0,1,-7.5,3.038,0.0,88.139
110236,0,222,0,2,0.0,3.04,0.0,88.189
110298,0,222,0,3,7.5,3.041,0.0,88.238
110360,0,222,1,0,15.0,3.042,0.0,88.288
110422,0,222,1,1,7.5,3.043,0.0,88.338
110484,0,222,1,2,0.0,3.044,0.0,88.387
110546,0,222,1,3,-7.5,3.044,0.0,88.437
110608,0,223,0,0,-15.0,3.044,0.0,88.486
110670,0,223,0,1,-7.5,3.044,0.0,88.536
110732,0,223,0,2,0.0,3.044,0.0,88.586
110794,0,223,0,3,7.5,3.044,0.0,88.635
110856,0,223,1,0,15.0,3.043,0.0,88.685
110918,0,223,1,1,7.5,3.043,0.0,88.734
110980,0,223,1,2,0.0,3.042,0.0,88.784
111042,0,223,1,3,-7.5,3.041,0.0,88.834
111104,0,224,0,0,-15.0,3.04,0.0,88.883
111166,0,224,0,1,-7.5,3.04,0.0,88.933
111228,0,224,0,2,0.0,3.039,0.0,88.982
111290,0,224,0,3,7.5,3.038,0.0,89.032
111352,0,224,1,0,15.0,3.038,0.0,89.082
111414,0,224,1,1,7.5,3.037,0.0,89.131
111476,0,224,1,2,0.0,3.037,0.0,89.181
111538,0,224,1,3,-7.5,3.037,0.0,89.23
111600,0,225,0,0,-15.0,3.037,0.0,89.28
111662,0,225,0,1,-7.5,3.037,0.0,89.33
111724,0,225,0,2,0.0,3.038,0.0,89.379
111786,0,225,0,3,7.5,3.039,0.0,89.429
111848,0,225,1,0,15.0,3.04,0.0,89.478
111910,0,225,1,1,7.5,3.041,0.0,89.528
111972,0,225,1,2,0.0,3.042,0.0,89.578
112034,0,225,1,3,-7.5,3.044,0.0,89.627
112096,0,226,0,0,-15.0,3.046,0.0,89.677
112158,0,226,0,1,-7.5,3.048,0.0,89.726
112220,0,226,0,2,0.0,3.051,0.0,89.776
112282,0,226,0,3,7.5,3.053,0.0,89.826
112344,0,226,1,0,15.0,3.056,0.0,89.875
112406,0,226,1,1,7.5,3.059,0.0,89.925
112468,0,226,1,2,0.0,3.063,0.0,89.974
112530,0,226,1,3,-7.5,3.066,0.0,90.024
112592,0,227,0,0,-15.0,3.07,0.0,90.074
112654,0,227,0,1,-7.5,3.073,0.0,90.123
112716,0,227,0,2,0.0,3.077,0.0,90.173
112778,0,227,0,3,7.5,3.081,0.0,90.222
112840,0,227,1,0,15.0,3.085,0.0,90.272
112902,0,227,1,1,7.5,3.089,0.0,90.322
112964,0,227,1,2,0.0,3.093,0.0,90.371
113026,0,227,1,3,-7.5,3.097,0.0,90.421
113088,0,228,0,0,-15.0,3.101,0.0,90.47
113150,0,228,0,1,-7.5,3.104,0.0,90.52
113212,0,228,0,2,0.0,3.108,0.0,90.57
113274,0,228,0,3,7.5,3.111,0.0,90.619
113336,0,228,1,0,15.0,3.114,0.0,90.669
113398,0,228,1,1,7.5,3.117,0.0,90.718
113460,0,228,1,2,0.0,3.12,0.0,90.768
113522,0,228,1,3,-7.5,3.122,0.0,90.818
113584,0,229,0,0,-15.0,3.124,0.0,90.867
113646,0,229,0,1,-7.5,3.126,0.0,90.917
113708,0,229,0,2,0.0,3.128,0.0,90.966
113770,0,229,0,3,7.5,3.129,0.0,91.016
113832,0,229,1,0,15.0,3.129,0.0,91.066
113894,0,229,1,1,7.5,3.13,0.0,91.115
113956,0,229,1,2,0.0,3.13,0.0,91.165
114018,0,229,1,3,-7.5,3.13,0.0,91.214
114080,0,230,0,0,-15.0,3.129,0.0,91.264
114142,0,230,0,1,-7.5,3.128,0.0,91.314
114204,0,230,0,2,0.0,3.127,0.0,91.363
114266,0,230,0,3,7.5,3.125,0.0,91.413
114328,0,230,1,0,15.0,3.123,0.0,91.462
114390,0,230,1,1,7.5,3.121,0.0,91.512
114452,0,230,1,2,0.0,3.118,0.0,91.562
114514,0,230,1,3,-7.5,3.115,0.0,91.611
114576,0,231,0,0,-15.0,3.112,0.0,91.661
114638,0,231,0,1,-7.5,3.109,0.0,91.71
114700,0,231,0,2,0.0,3.105,0.0,91.76
114762,0,231,0,3,7.5,3.101,0.0,91.81
114824,0,231,1,0,15.0,3.098,0.0,91.859
114886,0,231,1,1,7.5,3.094,0.0,91.909
114948,0,231,1,2,0.0,3.09,0.0,91.958
115010,0,231,1,3,-7.5,3.086,0.0,92.008
115072,0,232,0,0,-15.0,3.082,0.0,92.058
115134,0,232,0,1,-7.5,3.078,0.0,92.107
115196,0,232,0,2,0.0,3.074,0.0,92.157
115258,0,232,0,3,7.5,3.07,0.0,92.206
115320,0,232,1,0,15.0,3.066,0.0,92.256
115382,0,232,1,1,7.5,3.062,0.0,92.306
115444,0,232,1,2,0.0,3.059,0.0,92.355
115506,0,232,1,3,-7.5,3.055,0.0,92.405
115568,0,233,0,0,-15.0,3.052,0.0,92.454
115630,0,233,0,1,-7.5,3.049,0.0,92.504
115692,0,233,0,2,0.0,3.047,0.0,92.554
115754,0,233,0,3,7.5,3.044,0.0,92.603
115816,0,233,1,0,15.0,3.042,0.0,92.653
115878,0,233,1,1,7.5,3.04,0.0,92.702
115940,0,233,1,2,0.0,3.038,0.0,92.752
116002,0,233,1,3,-7.5,3.037,0.0,92.802
116064,0,234,0,0,-15.0,3.035,0.0,92.851
116126,0,234,0,1,-7.5,3.034,0.0,92.901
116188,0,234,0,2,0.0,3.034,0.0,92.95
116250,0,234,0,3,7.5,3.033,0.0,93.0
116312,0,234,1,0,15.0,3.033,0.0,93.05
116374,0,234,1,1,7.5,3.033,0.0,93.099
116436,0,234,1,2,0.0,3.033,0.0,93.149
116498,0,234,1,3,-7.5,3.033,0.0,93.198
116560,0,235,0,0,-15.0,3.034,0.0,93.248
116622,0,235,0,1,-7.5,3.034,0.0,93.298
116684,0,235,0,2,0.0,3.035,0.0,93.347
116746,0,235,0,3,7.5,3.035,0.0,93.397
116808,0,235,1,0,15.0,3.036,0.0,93.446
116870,0,235,1,1,7.5,3.037,0.0,93.496
116932,0,235,1,2,0.0,3.038,0.0,93.546
116994,0,235,1,3,-7.5,3.038,0.0,93.595
117056,0,236,0,0,-15.0,3.039,0.0,93.645
117118,0,236,0,1,-7.5,3.039,0.0,93.694
117180,0,236,0,2,0.0,3.039,0.0,93.744
117242,0,236,0,3,7.5,3.04,0.0,93.794
117304,0,236,1,0,15.0,3.04,0.0,93.843
117366,0,236,1,1,7.5,3.039,0.0,93.893
117428,0,236,1,2,0.0,3.039,0.0,93.942
117490,0,236,1,3,-7.5,3.038,0.0,93.992
117552,0,237,0,0,-15.0,3.037,0.0,94.042
117614,0,237,0,1,-7.5,3.036,0.0,94.091
117676,0,237,0,2,0.0,3.034,0.0,94.141
117738,0,237,0,3,7.5,3.032,0.0,94.19
117800,0,237,1,0,15.0,3.03,0.0,94.24
117862,0,237,1,1,7.5,3.028,0.0,94.29
117924,0,237,1,2,0.0,3.025,0.0,94.339
117986,0,237,1,3,-7.5,3.022,0.0,94.389
118048,0,238,0,0,-15.0,3.019,0.0,94.438
118110,0,238,0,1,-7.5,3.015,0.0,94.488
118172,0,238,0,2,0.0,3.011,0.0,94.538
118234,0,238,0,3,7.5,3.007,0.0,94.587
118296,0,238,1,0,15.0,3.003,0.0,94.637
118358,0,238,1,1,7.5,2.998,0.0,94.686
118420,0,238,1,2,0.0,2.994,0.0,94.736
118482,0,238,1,3,-7.5,2.989,0.0,94.786
118544,0,239,0,0,-15.0,2.984,0.0,94.835
118606,0,239,0,1,-7.5,2.979,0.0,94.885
118668,0,239,0,2,0.0,2.973,0.0,94.934
118730,0,239,0,3,7.5,2.968,0.0,94.984
118792,0,239,1,0,15.0,2.963,0.0,95.034
118854,0,239,1,1,7.5,2.958,0.0,95.083
118916,0,239,1,2,0.0,2.952,0.0,95.133
118978,0,239,1,3,-7.5,2.947,0.0,95.182
